,Iteration,Fitness,FEvals,Time,State,Restarts,max_iters,current_restart,seed
0,0,1.0,0,0.00010380003368481994,"[3, 4, 0, 1, 3]",1,1024,0,1
1,1,1.0,1,0.0013656000373885036,"[3, 4, 0, 1, 3]",1,1024,0,1
2,2,1.0,2,0.0022581000230275095,"[3, 4, 0, 1, 3]",1,1024,0,1
3,4,0.0,4,0.0033475999953225255,"[3, 4, 0, 1, 2]",1,1024,0,1
4,8,0.0,4,0.0033475999953225255,"[3, 4, 0, 1, 2]",1,1024,0,1
5,16,0.0,4,0.0033475999953225255,"[3, 4, 0, 1, 2]",1,1024,0,1
6,32,0.0,4,0.0033475999953225255,"[3, 4, 0, 1, 2]",1,1024,0,1
7,64,0.0,4,0.0033475999953225255,"[3, 4, 0, 1, 2]",1,1024,0,1
8,128,0.0,4,0.0033475999953225255,"[3, 4, 0, 1, 2]",1,1024,0,1
9,256,0.0,4,0.0033475999953225255,"[3, 4, 0, 1, 2]",1,1024,0,1
10,512,0.0,4,0.0033475999953225255,"[3, 4, 0, 1, 2]",1,1024,0,1
11,1024,0.0,4,0.0033475999953225255,"[3, 4, 0, 1, 2]",1,1024,0,1
0,0,2.0,0,5.440000677481294e-05,"[0, 0, 3, 2, 3]",1,1024,0,2
1,1,1.0,2,0.0007209000177681446,"[4, 0, 3, 2, 3]",1,1024,0,2
2,2,0.0,4,0.0013770000077784061,"[4, 0, 1, 2, 3]",1,1024,0,2
3,4,0.0,4,0.0013770000077784061,"[4, 0, 1, 2, 3]",1,1024,0,2
4,8,0.0,4,0.0013770000077784061,"[4, 0, 1, 2, 3]",1,1024,0,2
5,16,0.0,4,0.0013770000077784061,"[4, 0, 1, 2, 3]",1,1024,0,2
6,32,0.0,4,0.0013770000077784061,"[4, 0, 1, 2, 3]",1,1024,0,2
7,64,0.0,4,0.0013770000077784061,"[4, 0, 1, 2, 3]",1,1024,0,2
8,128,0.0,4,0.0013770000077784061,"[4, 0, 1, 2, 3]",1,1024,0,2
9,256,0.0,4,0.0013770000077784061,"[4, 0, 1, 2, 3]",1,1024,0,2
10,512,0.0,4,0.0013770000077784061,"[4, 0, 1, 2, 3]",1,1024,0,2
11,1024,0.0,4,0.0013770000077784061,"[4, 0, 1, 2, 3]",1,1024,0,2
0,0,1.0,0,8.490000618621707e-05,"[2, 0, 1, 3, 0]",1,1024,0,3
1,1,1.0,1,0.0011579000274650753,"[2, 0, 1, 3, 0]",1,1024,0,3
2,2,1.0,2,0.00251580000622198,"[2, 0, 1, 3, 0]",1,1024,0,3
3,4,1.0,4,0.0032473999890498817,"[2, 0, 1, 3, 0]",1,1024,0,3
4,8,1.0,8,0.003936900000553578,"[2, 0, 1, 3, 0]",1,1024,0,3
5,16,1.0,16,0.0046879000146873295,"[2, 0, 1, 3, 0]",1,1024,0,3
6,32,0.0,18,0.005339200026355684,"[2, 4, 1, 3, 0]",1,1024,0,3
7,64,0.0,18,0.005339200026355684,"[2, 4, 1, 3, 0]",1,1024,0,3
8,128,0.0,18,0.005339200026355684,"[2, 4, 1, 3, 0]",1,1024,0,3
9,256,0.0,18,0.005339200026355684,"[2, 4, 1, 3, 0]",1,1024,0,3
10,512,0.0,18,0.005339200026355684,"[2, 4, 1, 3, 0]",1,1024,0,3
11,1024,0.0,18,0.005339200026355684,"[2, 4, 1, 3, 0]",1,1024,0,3
0,0,2.0,0,5.43000060133636e-05,"[2, 1, 0, 0, 2]",1,1024,0,4
1,1,2.0,1,0.000638500030618161,"[2, 1, 0, 0, 2]",1,1024,0,4
2,2,1.0,3,0.001242100028321147,"[2, 1, 0, 0, 4]",1,1024,0,4
3,4,1.0,5,0.0018568999948911369,"[2, 1, 0, 0, 4]",1,1024,0,4
4,8,1.0,9,0.0024811000330373645,"[2, 1, 0, 0, 4]",1,1024,0,4
5,16,0.0,13,0.003111099998932332,"[2, 1, 3, 0, 4]",1,1024,0,4
6,32,0.0,13,0.003111099998932332,"[2, 1, 3, 0, 4]",1,1024,0,4
7,64,0.0,13,0.003111099998932332,"[2, 1, 3, 0, 4]",1,1024,0,4
8,128,0.0,13,0.003111099998932332,"[2, 1, 3, 0, 4]",1,1024,0,4
9,256,0.0,13,0.003111099998932332,"[2, 1, 3, 0, 4]",1,1024,0,4
10,512,0.0,13,0.003111099998932332,"[2, 1, 3, 0, 4]",1,1024,0,4
11,1024,0.0,13,0.003111099998932332,"[2, 1, 3, 0, 4]",1,1024,0,4
0,0,1.0,0,5.670002428814769e-05,"[3, 0, 1, 0, 4]",1,1024,0,5
1,1,1.0,1,0.0006405000458471477,"[3, 0, 1, 0, 4]",1,1024,0,5
2,2,1.0,2,0.0012036000262014568,"[3, 0, 1, 0, 4]",1,1024,0,5
3,4,0.0,5,0.001785100030247122,"[3, 2, 1, 0, 4]",1,1024,0,5
4,8,0.0,5,0.001785100030247122,"[3, 2, 1, 0, 4]",1,1024,0,5
5,16,0.0,5,0.001785100030247122,"[3, 2, 1, 0, 4]",1,1024,0,5
6,32,0.0,5,0.001785100030247122,"[3, 2, 1, 0, 4]",1,1024,0,5
7,64,0.0,5,0.001785100030247122,"[3, 2, 1, 0, 4]",1,1024,0,5
8,128,0.0,5,0.001785100030247122,"[3, 2, 1, 0, 4]",1,1024,0,5
9,256,0.0,5,0.001785100030247122,"[3, 2, 1, 0, 4]",1,1024,0,5
10,512,0.0,5,0.001785100030247122,"[3, 2, 1, 0, 4]",1,1024,0,5
11,1024,0.0,5,0.001785100030247122,"[3, 2, 1, 0, 4]",1,1024,0,5
0,0,1.0,0,5.15999854542315e-05,"[1, 4, 0, 1, 3]",1,1024,0,10
1,1,1.0,1,0.0006136999581940472,"[1, 4, 0, 1, 3]",1,1024,0,10
2,2,0.0,3,0.0014686000067740679,"[2, 4, 0, 1, 3]",1,1024,0,10
3,4,0.0,3,0.0014686000067740679,"[2, 4, 0, 1, 3]",1,1024,0,10
4,8,0.0,3,0.0014686000067740679,"[2, 4, 0, 1, 3]",1,1024,0,10
5,16,0.0,3,0.0014686000067740679,"[2, 4, 0, 1, 3]",1,1024,0,10
6,32,0.0,3,0.0014686000067740679,"[2, 4, 0, 1, 3]",1,1024,0,10
7,64,0.0,3,0.0014686000067740679,"[2, 4, 0, 1, 3]",1,1024,0,10
8,128,0.0,3,0.0014686000067740679,"[2, 4, 0, 1, 3]",1,1024,0,10
9,256,0.0,3,0.0014686000067740679,"[2, 4, 0, 1, 3]",1,1024,0,10
10,512,0.0,3,0.0014686000067740679,"[2, 4, 0, 1, 3]",1,1024,0,10
11,1024,0.0,3,0.0014686000067740679,"[2, 4, 0, 1, 3]",1,1024,0,10
0,0,3.0,0,9.650003630667925e-05,"[5, 8, 9, 5, 0, 0, 1, 7, 6, 9]",1,1024,0,1
1,1,2.0,2,0.000818000000435859,"[5, 8, 4, 5, 0, 0, 1, 7, 6, 9]",1,1024,0,1
2,2,1.0,4,0.0014463000115938485,"[5, 8, 4, 5, 0, 3, 1, 7, 6, 9]",1,1024,0,1
3,4,1.0,6,0.0020535000367090106,"[5, 8, 4, 5, 0, 3, 1, 7, 6, 9]",1,1024,0,1
4,8,1.0,10,0.0027437000535428524,"[5, 8, 4, 5, 0, 3, 1, 7, 6, 9]",1,1024,0,1
5,16,1.0,18,0.0035540000535547733,"[5, 8, 4, 5, 0, 3, 1, 7, 6, 9]",1,1024,0,1
6,32,0.0,31,0.004568900039885193,"[2, 8, 4, 5, 0, 3, 1, 7, 6, 9]",1,1024,0,1
7,64,0.0,31,0.004568900039885193,"[2, 8, 4, 5, 0, 3, 1, 7, 6, 9]",1,1024,0,1
8,128,0.0,31,0.004568900039885193,"[2, 8, 4, 5, 0, 3, 1, 7, 6, 9]",1,1024,0,1
9,256,0.0,31,0.004568900039885193,"[2, 8, 4, 5, 0, 3, 1, 7, 6, 9]",1,1024,0,1
10,512,0.0,31,0.004568900039885193,"[2, 8, 4, 5, 0, 3, 1, 7, 6, 9]",1,1024,0,1
11,1024,0.0,31,0.004568900039885193,"[2, 8, 4, 5, 0, 3, 1, 7, 6, 9]",1,1024,0,1
0,0,4.0,0,7.910002022981644e-05,"[8, 8, 6, 2, 8, 7, 2, 1, 5, 4]",1,1024,0,2
1,1,3.0,2,0.0006782999844290316,"[8, 8, 6, 2, 5, 7, 2, 1, 5, 4]",1,1024,0,2
2,2,3.0,3,0.001464499975554645,"[8, 8, 6, 2, 5, 7, 2, 1, 5, 4]",1,1024,0,2
3,4,3.0,5,0.002354700001887977,"[8, 8, 6, 2, 5, 7, 2, 1, 5, 4]",1,1024,0,2
4,8,3.0,9,0.003067100013140589,"[8, 8, 6, 2, 5, 7, 2, 1, 5, 4]",1,1024,0,2
5,16,2.0,18,0.004011599987279624,"[8, 8, 6, 2, 5, 7, 9, 1, 5, 4]",1,1024,0,2
6,32,1.0,35,0.005621600023005158,"[0, 8, 6, 2, 5, 7, 9, 1, 5, 4]",1,1024,0,2
7,64,0.0,43,0.006736700015608221,"[0, 8, 6, 2, 3, 7, 9, 1, 5, 4]",1,1024,0,2
8,128,0.0,43,0.006736700015608221,"[0, 8, 6, 2, 3, 7, 9, 1, 5, 4]",1,1024,0,2
9,256,0.0,43,0.006736700015608221,"[0, 8, 6, 2, 3, 7, 9, 1, 5, 4]",1,1024,0,2
10,512,0.0,43,0.006736700015608221,"[0, 8, 6, 2, 3, 7, 9, 1, 5, 4]",1,1024,0,2
11,1024,0.0,43,0.006736700015608221,"[0, 8, 6, 2, 3, 7, 9, 1, 5, 4]",1,1024,0,2
0,0,7.0,0,7.930002175271511e-05,"[8, 9, 3, 8, 8, 0, 5, 3, 9, 9]",1,1024,0,3
1,1,7.0,1,0.0007166999857872725,"[8, 9, 3, 8, 8, 0, 5, 3, 9, 9]",1,1024,0,3
2,2,7.0,2,0.001498500001616776,"[8, 9, 3, 8, 8, 0, 5, 3, 9, 9]",1,1024,0,3
3,4,3.0,6,0.0022351000225171447,"[8, 9, 3, 8, 7, 0, 5, 3, 1, 9]",1,1024,0,3
4,8,3.0,10,0.0029845000244677067,"[8, 9, 3, 8, 7, 0, 5, 3, 1, 9]",1,1024,0,3
5,16,2.0,19,0.0038604000001214445,"[8, 9, 3, 8, 7, 0, 5, 3, 1, 2]",1,1024,0,3
6,32,1.0,36,0.00514130003284663,"[8, 9, 3, 8, 7, 0, 5, 6, 1, 2]",1,1024,0,3
7,64,1.0,68,0.007099699985701591,"[8, 9, 3, 8, 7, 0, 5, 6, 1, 2]",1,1024,0,3
8,128,1.0,132,0.011314100003801286,"[8, 9, 3, 8, 7, 0, 5, 6, 1, 2]",1,1024,0,3
9,256,0.0,154,0.014126699999906123,"[4, 9, 3, 8, 7, 0, 5, 6, 1, 2]",1,1024,0,3
10,512,0.0,154,0.014126699999906123,"[4, 9, 3, 8, 7, 0, 5, 6, 1, 2]",1,1024,0,3
11,1024,0.0,154,0.014126699999906123,"[4, 9, 3, 8, 7, 0, 5, 6, 1, 2]",1,1024,0,3
0,0,7.0,0,8.060003165155649e-05,"[7, 5, 1, 8, 7, 8, 2, 9, 7, 7]",1,1024,0,4
1,1,7.0,1,0.0006732000038027763,"[7, 5, 1, 8, 7, 8, 2, 9, 7, 7]",1,1024,0,4
2,2,5.0,3,0.0012684999965131283,"[7, 5, 1, 8, 2, 8, 2, 9, 7, 7]",1,1024,0,4
3,4,4.0,6,0.0018971000099554658,"[7, 5, 1, 0, 2, 8, 2, 9, 7, 7]",1,1024,0,4
4,8,4.0,10,0.00280030001886189,"[7, 5, 1, 0, 2, 8, 2, 9, 7, 7]",1,1024,0,4
5,16,1.0,21,0.003709400014486164,"[3, 5, 4, 0, 2, 8, 2, 9, 1, 7]",1,1024,0,4
6,32,1.0,37,0.004891999997198582,"[3, 5, 4, 0, 2, 8, 2, 9, 1, 7]",1,1024,0,4
7,64,1.0,69,0.006953700038138777,"[3, 5, 4, 0, 2, 8, 2, 9, 1, 7]",1,1024,0,4
8,128,0.0,90,0.009157499996945262,"[3, 5, 4, 0, 2, 8, 6, 9, 1, 7]",1,1024,0,4
9,256,0.0,90,0.009157499996945262,"[3, 5, 4, 0, 2, 8, 6, 9, 1, 7]",1,1024,0,4
10,512,0.0,90,0.009157499996945262,"[3, 5, 4, 0, 2, 8, 6, 9, 1, 7]",1,1024,0,4
11,1024,0.0,90,0.009157499996945262,"[3, 5, 4, 0, 2, 8, 6, 9, 1, 7]",1,1024,0,4
0,0,4.0,0,8.159998105838895e-05,"[3, 6, 6, 0, 9, 8, 4, 7, 0, 0]",1,1024,0,5
1,1,4.0,1,0.0006706999847665429,"[3, 6, 6, 0, 9, 8, 4, 7, 0, 0]",1,1024,0,5
2,2,4.0,2,0.001270200009457767,"[3, 6, 6, 0, 9, 8, 4, 7, 0, 0]",1,1024,0,5
3,4,4.0,4,0.0023324000067077577,"[3, 6, 6, 0, 9, 8, 4, 7, 0, 0]",1,1024,0,5
4,8,3.0,9,0.003111099998932332,"[3, 6, 1, 0, 9, 8, 4, 7, 0, 0]",1,1024,0,5
5,16,1.0,19,0.004005700000561774,"[3, 6, 1, 2, 9, 8, 4, 7, 0, 4]",1,1024,0,5
6,32,1.0,35,0.005170399963390082,"[3, 6, 1, 2, 9, 8, 4, 7, 0, 4]",1,1024,0,5
7,64,1.0,67,0.007049200008623302,"[3, 6, 1, 2, 9, 8, 4, 7, 0, 4]",1,1024,0,5
8,128,1.0,131,0.010883099981583655,"[3, 6, 1, 2, 9, 8, 4, 7, 0, 4]",1,1024,0,5
9,256,0.0,174,0.014560399984475225,"[3, 6, 1, 2, 9, 8, 5, 7, 0, 4]",1,1024,0,5
10,512,0.0,174,0.014560399984475225,"[3, 6, 1, 2, 9, 8, 5, 7, 0, 4]",1,1024,0,5
11,1024,0.0,174,0.014560399984475225,"[3, 6, 1, 2, 9, 8, 5, 7, 0, 4]",1,1024,0,5
0,0,7.0,0,8.289999095723033e-05,"[9, 4, 0, 1, 9, 0, 1, 8, 9, 0]",1,1024,0,10
1,1,5.0,2,0.0006784000433981419,"[9, 4, 0, 1, 9, 0, 1, 8, 6, 0]",1,1024,0,10
2,2,4.0,4,0.0016140000079758465,"[9, 4, 0, 1, 3, 0, 1, 8, 6, 0]",1,1024,0,10
3,4,4.0,6,0.0025215999921783805,"[9, 4, 0, 1, 3, 0, 1, 8, 6, 0]",1,1024,0,10
4,8,2.0,12,0.0034200000227428973,"[9, 4, 0, 7, 3, 4, 1, 8, 6, 0]",1,1024,0,10
5,16,1.0,21,0.0043187999981455505,"[9, 4, 0, 7, 3, 4, 1, 8, 6, 2]",1,1024,0,10
6,32,0.0,24,0.00506270001642406,"[9, 5, 0, 7, 3, 4, 1, 8, 6, 2]",1,1024,0,10
7,64,0.0,24,0.00506270001642406,"[9, 5, 0, 7, 3, 4, 1, 8, 6, 2]",1,1024,0,10
8,128,0.0,24,0.00506270001642406,"[9, 5, 0, 7, 3, 4, 1, 8, 6, 2]",1,1024,0,10
9,256,0.0,24,0.00506270001642406,"[9, 5, 0, 7, 3, 4, 1, 8, 6, 2]",1,1024,0,10
10,512,0.0,24,0.00506270001642406,"[9, 5, 0, 7, 3, 4, 1, 8, 6, 2]",1,1024,0,10
11,1024,0.0,24,0.00506270001642406,"[9, 5, 0, 7, 3, 4, 1, 8, 6, 2]",1,1024,0,10
0,0,6.0,0,0.0002454000059515238,"[5, 11, 12, 8, 9, 11, 5, 0, 0, 1, 12, 7, 13, 12, 6]",1,1024,0,1
1,1,6.0,1,0.0011832000454887748,"[5, 11, 12, 8, 9, 11, 5, 0, 0, 1, 12, 7, 13, 12, 6]",1,1024,0,1
2,2,6.0,2,0.0019938000477850437,"[5, 11, 12, 8, 9, 11, 5, 0, 0, 1, 12, 7, 13, 12, 6]",1,1024,0,1
3,4,4.0,5,0.002728200051933527,"[5, 11, 4, 8, 9, 11, 5, 0, 0, 1, 12, 7, 13, 12, 6]",1,1024,0,1
4,8,2.0,11,0.0035692000528797507,"[5, 11, 4, 8, 9, 11, 5, 10, 0, 1, 12, 7, 13, 2, 6]",1,1024,0,1
5,16,1.0,20,0.00580500002251938,"[5, 11, 4, 8, 9, 11, 14, 10, 0, 1, 12, 7, 13, 2, 6]",1,1024,0,1
6,32,1.0,36,0.008395600016228855,"[5, 11, 4, 8, 9, 11, 14, 10, 0, 1, 12, 7, 13, 2, 6]",1,1024,0,1
7,64,1.0,68,0.011294900032225996,"[5, 11, 4, 8, 9, 11, 14, 10, 0, 1, 12, 7, 13, 2, 6]",1,1024,0,1
8,128,1.0,132,0.016981300024781376,"[5, 11, 4, 8, 9, 11, 14, 10, 0, 1, 12, 7, 13, 2, 6]",1,1024,0,1
9,256,1.0,260,0.03166790003888309,"[5, 11, 4, 8, 9, 11, 14, 10, 0, 1, 12, 7, 13, 2, 6]",1,1024,0,1
10,512,0.0,288,0.03613469999982044,"[5, 11, 4, 8, 9, 3, 14, 10, 0, 1, 12, 7, 13, 2, 6]",1,1024,0,1
11,1024,0.0,288,0.03613469999982044,"[5, 11, 4, 8, 9, 3, 14, 10, 0, 1, 12, 7, 13, 2, 6]",1,1024,0,1
0,0,7.0,0,0.0001601999974809587,"[8, 13, 8, 6, 11, 2, 11, 8, 7, 2, 1, 11, 5, 10, 4]",1,1024,0,2
1,1,7.0,1,0.0013158000074326992,"[8, 13, 8, 6, 11, 2, 11, 8, 7, 2, 1, 11, 5, 10, 4]",1,1024,0,2
2,2,7.0,2,0.002049500006251037,"[8, 13, 8, 6, 11, 2, 11, 8, 7, 2, 1, 11, 5, 10, 4]",1,1024,0,2
3,4,6.0,5,0.0027940000290982425,"[8, 13, 8, 6, 10, 2, 11, 8, 7, 2, 1, 11, 5, 10, 4]",1,1024,0,2
4,8,4.0,11,0.0036652000271715224,"[8, 13, 8, 6, 10, 2, 11, 6, 7, 2, 1, 3, 5, 10, 4]",1,1024,0,2
5,16,3.0,20,0.0047423000214621425,"[8, 13, 0, 6, 10, 2, 11, 6, 7, 2, 1, 3, 5, 10, 4]",1,1024,0,2
6,32,2.0,37,0.006383300002198666,"[8, 13, 0, 6, 10, 2, 11, 9, 7, 2, 1, 3, 5, 10, 4]",1,1024,0,2
7,64,1.0,70,0.009183600021060556,"[8, 13, 0, 6, 10, 2, 11, 9, 7, 14, 1, 3, 5, 10, 4]",1,1024,0,2
8,128,0.0,127,0.01396720000775531,"[8, 13, 0, 6, 10, 2, 11, 9, 7, 14, 1, 3, 5, 4, 4]",1,1024,0,2
9,256,0.0,127,0.01396720000775531,"[8, 13, 0, 6, 10, 2, 11, 9, 7, 14, 1, 3, 5, 4, 4]",1,1024,0,2
10,512,0.0,127,0.01396720000775531,"[8, 13, 0, 6, 10, 2, 11, 9, 7, 14, 1, 3, 5, 4, 4]",1,1024,0,2
11,1024,0.0,127,0.01396720000775531,"[8, 13, 0, 6, 10, 2, 11, 9, 7, 14, 1, 3, 5, 4, 4]",1,1024,0,2
0,0,10.0,0,0.0001811000402085483,"[10, 8, 9, 3, 8, 8, 0, 5, 13, 3, 10, 11, 9, 9, 10]",1,1024,0,3
1,1,8.0,2,0.0013482000213116407,"[10, 8, 9, 3, 8, 7, 0, 5, 13, 3, 10, 11, 9, 9, 10]",1,1024,0,3
2,2,8.0,3,0.002150900021661073,"[10, 8, 9, 3, 8, 7, 0, 5, 13, 3, 10, 11, 9, 9, 10]",1,1024,0,3
3,4,7.0,6,0.0030770000303164124,"[10, 8, 9, 3, 8, 7, 0, 5, 13, 3, 10, 11, 9, 7, 10]",1,1024,0,3
4,8,4.0,12,0.004120099998544902,"[10, 8, 2, 3, 8, 7, 0, 5, 13, 3, 1, 11, 9, 7, 10]",1,1024,0,3
5,16,4.0,20,0.0051933000213466585,"[10, 8, 2, 3, 8, 7, 0, 5, 13, 3, 1, 11, 9, 7, 10]",1,1024,0,3
6,32,2.0,38,0.0067823000135831535,"[10, 12, 2, 3, 8, 4, 0, 5, 13, 3, 1, 11, 9, 7, 10]",1,1024,0,3
7,64,2.0,70,0.010041700035799295,"[10, 12, 2, 3, 8, 4, 0, 5, 13, 3, 1, 11, 9, 7, 10]",1,1024,0,3
8,128,1.0,135,0.015929500048514456,"[10, 12, 2, 3, 8, 4, 0, 5, 13, 3, 1, 11, 9, 7, 14]",1,1024,0,3
9,256,0.0,165,0.01998260000254959,"[10, 12, 2, 6, 8, 4, 0, 5, 13, 3, 1, 11, 9, 7, 14]",1,1024,0,3
10,512,0.0,165,0.01998260000254959,"[10, 12, 2, 6, 8, 4, 0, 5, 13, 3, 1, 11, 9, 7, 14]",1,1024,0,3
11,1024,0.0,165,0.01998260000254959,"[10, 12, 2, 6, 8, 4, 0, 5, 13, 3, 1, 11, 9, 7, 14]",1,1024,0,3
0,0,6.0,0,0.00013729999773204327,"[10, 14, 7, 5, 1, 8, 7, 8, 2, 9, 10, 12, 7, 13, 14]",1,1024,0,4
1,1,6.0,1,0.0007870999979786575,"[10, 14, 7, 5, 1, 8, 7, 8, 2, 9, 10, 12, 7, 13, 14]",1,1024,0,4
2,2,6.0,2,0.001950700010638684,"[10, 14, 7, 5, 1, 8, 7, 8, 2, 9, 10, 12, 7, 13, 14]",1,1024,0,4
3,4,4.0,5,0.0029233000241219997,"[10, 14, 7, 5, 1, 8, 7, 8, 2, 9, 10, 12, 6, 13, 14]",1,1024,0,4
4,8,4.0,9,0.004356199991889298,"[10, 14, 7, 5, 1, 8, 7, 8, 2, 9, 10, 12, 6, 13, 14]",1,1024,0,4
5,16,4.0,17,0.00589690002379939,"[10, 14, 7, 5, 1, 8, 7, 8, 2, 9, 10, 12, 6, 13, 14]",1,1024,0,4
6,32,3.0,34,0.0076781000243499875,"[10, 14, 3, 5, 1, 8, 7, 8, 2, 9, 10, 12, 6, 13, 14]",1,1024,0,4
7,64,1.0,68,0.010495399998035282,"[10, 11, 3, 5, 1, 4, 7, 8, 2, 9, 10, 12, 6, 13, 14]",1,1024,0,4
8,128,1.0,132,0.01661490002879873,"[10, 11, 3, 5, 1, 4, 7, 8, 2, 9, 10, 12, 6, 13, 14]",1,1024,0,4
9,256,1.0,260,0.03263179998612031,"[10, 11, 3, 5, 1, 4, 7, 8, 2, 9, 10, 12, 6, 13, 14]",1,1024,0,4
10,512,0.0,273,0.036565100017469376,"[0, 11, 3, 5, 1, 4, 7, 8, 2, 9, 10, 12, 6, 13, 14]",1,1024,0,4
11,1024,0.0,273,0.036565100017469376,"[0, 11, 3, 5, 1, 4, 7, 8, 2, 9, 10, 12, 6, 13, 14]",1,1024,0,4
0,0,7.0,0,0.0001401000190526247,"[3, 14, 13, 6, 6, 0, 9, 8, 4, 7, 14, 11, 0, 14, 0]",1,1024,0,5
1,1,7.0,1,0.0008080999832600355,"[3, 14, 13, 6, 6, 0, 9, 8, 4, 7, 14, 11, 0, 14, 0]",1,1024,0,5
2,2,5.0,3,0.0015238000196404755,"[3, 5, 13, 6, 6, 0, 9, 8, 4, 7, 14, 11, 0, 14, 0]",1,1024,0,5
3,4,5.0,5,0.0022288000327534974,"[3, 5, 13, 6, 6, 0, 9, 8, 4, 7, 14, 11, 0, 14, 0]",1,1024,0,5
4,8,5.0,9,0.0030220000189729035,"[3, 5, 13, 6, 6, 0, 9, 8, 4, 7, 14, 11, 0, 14, 0]",1,1024,0,5
5,16,3.0,18,0.004120800003875047,"[3, 5, 13, 6, 6, 0, 9, 8, 4, 7, 14, 11, 0, 14, 2]",1,1024,0,5
6,32,2.0,35,0.006099299993366003,"[3, 5, 13, 6, 6, 0, 9, 8, 4, 7, 14, 11, 0, 1, 2]",1,1024,0,5
7,64,1.0,68,0.009255399985704571,"[3, 5, 13, 6, 6, 10, 9, 8, 4, 7, 14, 11, 0, 1, 2]",1,1024,0,5
8,128,0.0,84,0.011271000024862587,"[3, 5, 13, 6, 12, 10, 9, 8, 4, 7, 14, 11, 0, 1, 2]",1,1024,0,5
9,256,0.0,84,0.011271000024862587,"[3, 5, 13, 6, 12, 10, 9, 8, 4, 7, 14, 11, 0, 1, 2]",1,1024,0,5
10,512,0.0,84,0.011271000024862587,"[3, 5, 13, 6, 12, 10, 9, 8, 4, 7, 14, 11, 0, 1, 2]",1,1024,0,5
11,1024,0.0,84,0.011271000024862587,"[3, 5, 13, 6, 12, 10, 9, 8, 4, 7, 14, 11, 0, 1, 2]",1,1024,0,5
0,0,8.0,0,0.00012860004790127277,"[9, 13, 4, 0, 1, 11, 12, 9, 13, 0, 13, 1, 10, 8, 9]",1,1024,0,10
1,1,7.0,2,0.0009282000246457756,"[11, 13, 4, 0, 1, 11, 12, 9, 13, 0, 13, 1, 10, 8, 9]",1,1024,0,10
2,2,5.0,4,0.0016237000236287713,"[11, 13, 4, 0, 1, 11, 12, 9, 6, 0, 13, 1, 10, 8, 9]",1,1024,0,10
3,4,5.0,6,0.002302000008057803,"[11, 13, 4, 0, 1, 11, 12, 9, 6, 0, 13, 1, 10, 8, 9]",1,1024,0,10
4,8,4.0,11,0.003155800048261881,"[11, 13, 4, 0, 1, 11, 12, 9, 6, 0, 13, 7, 10, 8, 9]",1,1024,0,10
5,16,3.0,20,0.0042378000216558576,"[11, 13, 4, 0, 1, 11, 12, 9, 6, 14, 13, 7, 10, 8, 9]",1,1024,0,10
6,32,2.0,37,0.005826600012369454,"[11, 13, 4, 0, 1, 11, 12, 9, 6, 14, 13, 7, 10, 8, 8]",1,1024,0,10
7,64,1.0,70,0.008873900049366057,"[11, 2, 4, 0, 1, 11, 12, 9, 6, 14, 13, 7, 10, 8, 8]",1,1024,0,10
8,128,0.0,109,0.012665000045672059,"[3, 2, 4, 0, 1, 11, 12, 9, 6, 14, 13, 7, 10, 8, 8]",1,1024,0,10
9,256,0.0,109,0.012665000045672059,"[3, 2, 4, 0, 1, 11, 12, 9, 6, 14, 13, 7, 10, 8, 8]",1,1024,0,10
10,512,0.0,109,0.012665000045672059,"[3, 2, 4, 0, 1, 11, 12, 9, 6, 14, 13, 7, 10, 8, 8]",1,1024,0,10
11,1024,0.0,109,0.012665000045672059,"[3, 2, 4, 0, 1, 11, 12, 9, 6, 14, 13, 7, 10, 8, 8]",1,1024,0,10
0,0,8.0,0,0.0002106999745592475,"[5, 11, 12, 8, 9, 11, 5, 15, 0, 16, 1, 12, 7, 13, 6, 18, 5, 18, 11, 10]",1,1024,0,1
1,1,8.0,1,0.0011356999748386443,"[5, 11, 12, 8, 9, 11, 5, 15, 0, 16, 1, 12, 7, 13, 6, 18, 5, 18, 11, 10]",1,1024,0,1
2,2,8.0,2,0.002063399995677173,"[5, 11, 12, 8, 9, 11, 5, 15, 0, 16, 1, 12, 7, 13, 6, 18, 5, 18, 11, 10]",1,1024,0,1
3,4,8.0,4,0.003304899961221963,"[5, 11, 12, 8, 9, 11, 5, 15, 0, 16, 1, 12, 7, 13, 6, 18, 5, 18, 11, 10]",1,1024,0,1
4,8,7.0,9,0.004552699974738061,"[5, 0, 12, 8, 9, 11, 5, 15, 0, 16, 1, 12, 7, 13, 6, 18, 5, 18, 11, 10]",1,1024,0,1
5,16,7.0,17,0.005900899996049702,"[5, 0, 12, 8, 9, 11, 5, 15, 0, 16, 1, 12, 7, 13, 6, 18, 5, 18, 11, 10]",1,1024,0,1
6,32,3.0,36,0.008351399970706552,"[4, 0, 13, 8, 9, 11, 5, 15, 0, 16, 1, 12, 7, 13, 6, 2, 5, 18, 11, 10]",1,1024,0,1
7,64,1.0,70,0.012124199944082648,"[4, 0, 13, 8, 9, 14, 5, 15, 0, 16, 1, 12, 7, 13, 6, 2, 19, 18, 11, 10]",1,1024,0,1
8,128,1.0,134,0.019677499949466437,"[4, 0, 13, 8, 9, 14, 5, 15, 0, 16, 1, 12, 7, 13, 6, 2, 19, 18, 11, 10]",1,1024,0,1
9,256,0.0,155,0.023562799964565784,"[4, 0, 13, 8, 9, 14, 5, 15, 3, 16, 1, 12, 7, 13, 6, 2, 19, 18, 11, 10]",1,1024,0,1
10,512,0.0,155,0.023562799964565784,"[4, 0, 13, 8, 9, 14, 5, 15, 3, 16, 1, 12, 7, 13, 6, 2, 19, 18, 11, 10]",1,1024,0,1
11,1024,0.0,155,0.023562799964565784,"[4, 0, 13, 8, 9, 14, 5, 15, 3, 16, 1, 12, 7, 13, 6, 2, 19, 18, 11, 10]",1,1024,0,1
0,0,10.0,0,0.00018009997438639402,"[8, 15, 13, 8, 11, 18, 11, 8, 7, 2, 17, 11, 15, 5, 7, 3, 6, 4, 10, 11]",1,1024,0,2
1,1,10.0,1,0.0008411000017076731,"[8, 15, 13, 8, 11, 18, 11, 8, 7, 2, 17, 11, 15, 5, 7, 3, 6, 4, 10, 11]",1,1024,0,2
2,2,8.0,3,0.0015508999931626022,"[8, 15, 13, 8, 11, 18, 10, 8, 7, 2, 17, 11, 15, 5, 7, 3, 6, 4, 10, 11]",1,1024,0,2
3,4,8.0,5,0.0022635000059381127,"[8, 15, 13, 8, 11, 18, 10, 8, 7, 2, 17, 11, 15, 5, 7, 3, 6, 4, 10, 11]",1,1024,0,2
4,8,7.0,10,0.003234500007238239,"[8, 15, 13, 8, 11, 18, 10, 8, 7, 2, 17, 11, 19, 5, 7, 3, 6, 4, 10, 11]",1,1024,0,2
5,16,3.0,21,0.004655400000046939,"[8, 15, 13, 8, 16, 18, 10, 8, 7, 2, 17, 11, 19, 5, 9, 3, 6, 4, 14, 11]",1,1024,0,2
6,32,1.0,38,0.0066914999624714255,"[8, 15, 13, 0, 16, 18, 10, 8, 7, 2, 17, 11, 19, 5, 9, 3, 6, 4, 14, 11]",1,1024,0,2
7,64,0.0,44,0.007822199957445264,"[8, 15, 13, 0, 16, 18, 10, 12, 7, 2, 17, 11, 19, 5, 9, 3, 6, 4, 14, 11]",1,1024,0,2
8,128,0.0,44,0.007822199957445264,"[8, 15, 13, 0, 16, 18, 10, 12, 7, 2, 17, 11, 19, 5, 9, 3, 6, 4, 14, 11]",1,1024,0,2
9,256,0.0,44,0.007822199957445264,"[8, 15, 13, 0, 16, 18, 10, 12, 7, 2, 17, 11, 19, 5, 9, 3, 6, 4, 14, 11]",1,1024,0,2
10,512,0.0,44,0.007822199957445264,"[8, 15, 13, 0, 16, 18, 10, 12, 7, 2, 17, 11, 19, 5, 9, 3, 6, 4, 14, 11]",1,1024,0,2
11,1024,0.0,44,0.007822199957445264,"[8, 15, 13, 0, 16, 18, 10, 12, 7, 2, 17, 11, 19, 5, 9, 3, 6, 4, 14, 11]",1,1024,0,2
0,0,6.0,0,0.00017640000442042947,"[10, 3, 8, 0, 19, 10, 11, 9, 10, 6, 0, 12, 7, 14, 17, 2, 2, 1, 19, 5]",1,1024,0,3
1,1,4.0,2,0.0012191000278107822,"[10, 3, 8, 0, 19, 10, 11, 9, 15, 6, 0, 12, 7, 14, 17, 2, 2, 1, 19, 5]",1,1024,0,3
2,2,4.0,3,0.002030800038482994,"[10, 3, 8, 0, 19, 10, 11, 9, 15, 6, 0, 12, 7, 14, 17, 2, 2, 1, 19, 5]",1,1024,0,3
3,4,4.0,5,0.0029874000465497375,"[10, 3, 8, 0, 19, 10, 11, 9, 15, 6, 0, 12, 7, 14, 17, 2, 2, 1, 19, 5]",1,1024,0,3
4,8,4.0,9,0.004454400041140616,"[10, 3, 8, 0, 19, 10, 11, 9, 15, 6, 0, 12, 7, 14, 17, 2, 2, 1, 19, 5]",1,1024,0,3
5,16,4.0,17,0.005937000038102269,"[10, 3, 8, 0, 19, 10, 11, 9, 15, 6, 0, 12, 7, 14, 17, 2, 2, 1, 19, 5]",1,1024,0,3
6,32,4.0,33,0.008067500020843,"[10, 3, 8, 0, 19, 10, 11, 9, 15, 6, 0, 12, 7, 14, 17, 2, 2, 1, 19, 5]",1,1024,0,3
7,64,3.0,66,0.011840000050142407,"[10, 3, 8, 18, 19, 10, 11, 9, 15, 6, 0, 12, 7, 14, 17, 2, 2, 1, 19, 5]",1,1024,0,3
8,128,1.0,132,0.02014710003277287,"[10, 3, 8, 18, 19, 13, 11, 9, 15, 6, 0, 12, 7, 14, 17, 14, 2, 1, 19, 5]",1,1024,0,3
9,256,0.0,186,0.02734890003921464,"[10, 3, 8, 18, 16, 13, 11, 9, 15, 6, 0, 12, 7, 14, 17, 14, 2, 1, 19, 5]",1,1024,0,3
10,512,0.0,186,0.02734890003921464,"[10, 3, 8, 18, 16, 13, 11, 9, 15, 6, 0, 12, 7, 14, 17, 14, 2, 1, 19, 5]",1,1024,0,3
11,1024,0.0,186,0.02734890003921464,"[10, 3, 8, 18, 16, 13, 11, 9, 15, 6, 0, 12, 7, 14, 17, 14, 2, 1, 19, 5]",1,1024,0,3
0,0,8.0,0,0.00018530001398175955,"[14, 5, 1, 8, 8, 18, 9, 7, 13, 8, 4, 18, 12, 6, 10, 3, 0, 9, 6, 6]",1,1024,0,4
1,1,8.0,1,0.0008475000504404306,"[14, 5, 1, 8, 8, 18, 9, 7, 13, 8, 4, 18, 12, 6, 10, 3, 0, 9, 6, 6]",1,1024,0,4
2,2,8.0,2,0.0015076000127010047,"[14, 5, 1, 8, 8, 18, 9, 7, 13, 8, 4, 18, 12, 6, 10, 3, 0, 9, 6, 6]",1,1024,0,4
3,4,8.0,4,0.0022454000427387655,"[14, 5, 1, 8, 8, 18, 9, 7, 13, 8, 4, 18, 12, 6, 10, 3, 0, 9, 6, 6]",1,1024,0,4
4,8,3.0,11,0.0034571000142022967,"[14, 5, 1, 19, 8, 18, 9, 7, 13, 8, 4, 18, 12, 1, 10, 3, 0, 9, 6, 16]",1,1024,0,4
5,16,2.0,20,0.007544599997345358,"[14, 5, 1, 19, 8, 18, 9, 7, 13, 8, 4, 18, 12, 1, 10, 3, 0, 17, 6, 16]",1,1024,0,4
6,32,2.0,36,0.010836800036486238,"[14, 5, 1, 19, 8, 18, 9, 7, 13, 8, 4, 18, 12, 1, 10, 3, 0, 17, 6, 16]",1,1024,0,4
7,64,0.0,62,0.014013300009537488,"[14, 5, 1, 19, 2, 18, 9, 7, 13, 8, 4, 15, 12, 1, 10, 3, 0, 17, 6, 16]",1,1024,0,4
8,128,0.0,62,0.014013300009537488,"[14, 5, 1, 19, 2, 18, 9, 7, 13, 8, 4, 15, 12, 1, 10, 3, 0, 17, 6, 16]",1,1024,0,4
9,256,0.0,62,0.014013300009537488,"[14, 5, 1, 19, 2, 18, 9, 7, 13, 8, 4, 15, 12, 1, 10, 3, 0, 17, 6, 16]",1,1024,0,4
10,512,0.0,62,0.014013300009537488,"[14, 5, 1, 19, 2, 18, 9, 7, 13, 8, 4, 15, 12, 1, 10, 3, 0, 17, 6, 16]",1,1024,0,4
11,1024,0.0,62,0.014013300009537488,"[14, 5, 1, 19, 2, 18, 9, 7, 13, 8, 4, 15, 12, 1, 10, 3, 0, 17, 6, 16]",1,1024,0,4
0,0,10.0,0,0.000179499969817698,"[3, 14, 15, 6, 16, 9, 8, 4, 7, 16, 16, 7, 12, 15, 17, 7, 16, 12, 13, 11]",1,1024,0,5
1,1,10.0,1,0.0008314999868161976,"[3, 14, 15, 6, 16, 9, 8, 4, 7, 16, 16, 7, 12, 15, 17, 7, 16, 12, 13, 11]",1,1024,0,5
2,2,10.0,2,0.0014961999841034412,"[3, 14, 15, 6, 16, 9, 8, 4, 7, 16, 16, 7, 12, 15, 17, 7, 16, 12, 13, 11]",1,1024,0,5
3,4,6.0,6,0.0023656999692320824,"[3, 14, 15, 6, 16, 9, 8, 4, 7, 1, 9, 7, 12, 15, 17, 7, 16, 12, 13, 11]",1,1024,0,5
4,8,5.0,11,0.003357800014782697,"[3, 14, 15, 6, 16, 0, 8, 4, 7, 1, 9, 7, 12, 15, 17, 7, 16, 12, 13, 11]",1,1024,0,5
5,16,4.0,20,0.004804899974260479,"[3, 14, 15, 6, 16, 0, 8, 4, 7, 1, 9, 3, 12, 15, 17, 7, 16, 12, 13, 11]",1,1024,0,5
6,32,2.0,38,0.007636299997102469,"[3, 14, 15, 6, 16, 0, 8, 4, 7, 1, 9, 3, 12, 15, 17, 19, 5, 12, 13, 11]",1,1024,0,5
7,64,2.0,70,0.011539899976924062,"[3, 14, 15, 6, 16, 0, 8, 4, 7, 1, 9, 3, 12, 15, 17, 19, 5, 12, 13, 11]",1,1024,0,5
8,128,1.0,135,0.018916399974841624,"[18, 14, 15, 6, 16, 0, 8, 4, 7, 1, 9, 3, 12, 15, 17, 19, 5, 12, 13, 11]",1,1024,0,5
9,256,0.0,176,0.02496629999950528,"[18, 14, 15, 6, 16, 0, 8, 4, 7, 1, 9, 3, 2, 15, 17, 19, 5, 12, 13, 11]",1,1024,0,5
10,512,0.0,176,0.02496629999950528,"[18, 14, 15, 6, 16, 0, 8, 4, 7, 1, 9, 3, 2, 15, 17, 19, 5, 12, 13, 11]",1,1024,0,5
11,1024,0.0,176,0.02496629999950528,"[18, 14, 15, 6, 16, 0, 8, 4, 7, 1, 9, 3, 2, 15, 17, 19, 5, 12, 13, 11]",1,1024,0,5
0,0,10.0,0,0.00018500001169741154,"[9, 4, 15, 0, 17, 16, 17, 8, 9, 0, 10, 8, 4, 19, 16, 4, 15, 11, 11, 1]",1,1024,0,10
1,1,10.0,1,0.0008615999831818044,"[9, 4, 15, 0, 17, 16, 17, 8, 9, 0, 10, 8, 4, 19, 16, 4, 15, 11, 11, 1]",1,1024,0,10
2,2,9.0,3,0.001582199998665601,"[9, 4, 15, 0, 17, 16, 17, 8, 9, 0, 10, 8, 4, 19, 18, 4, 15, 11, 11, 1]",1,1024,0,10
3,4,9.0,5,0.0023263999610207975,"[9, 4, 15, 0, 17, 16, 17, 8, 9, 0, 10, 8, 4, 19, 18, 4, 15, 11, 11, 1]",1,1024,0,10
4,8,8.0,10,0.003290399967227131,"[9, 4, 15, 0, 17, 16, 17, 8, 9, 0, 10, 8, 1, 19, 18, 4, 15, 11, 11, 1]",1,1024,0,10
5,16,4.0,22,0.004790599981788546,"[13, 4, 15, 0, 17, 16, 17, 8, 9, 0, 10, 18, 1, 19, 18, 19, 7, 11, 11, 1]",1,1024,0,10
6,32,2.0,40,0.006914999976288527,"[13, 4, 15, 0, 17, 16, 17, 8, 9, 0, 10, 18, 3, 19, 18, 19, 7, 11, 14, 1]",1,1024,0,10
7,64,2.0,72,0.010690099967177957,"[13, 4, 15, 0, 17, 16, 17, 8, 9, 0, 10, 18, 3, 19, 18, 19, 7, 11, 14, 1]",1,1024,0,10
8,128,1.0,137,0.019821299996692687,"[13, 4, 15, 0, 6, 16, 17, 8, 9, 0, 10, 18, 3, 19, 18, 19, 7, 11, 14, 1]",1,1024,0,10
9,256,0.0,228,0.03308289998676628,"[13, 4, 15, 5, 6, 16, 17, 8, 9, 0, 10, 18, 3, 19, 18, 19, 7, 11, 14, 1]",1,1024,0,10
10,512,0.0,228,0.03308289998676628,"[13, 4, 15, 5, 6, 16, 17, 8, 9, 0, 10, 18, 3, 19, 18, 19, 7, 11, 14, 1]",1,1024,0,10
11,1024,0.0,228,0.03308289998676628,"[13, 4, 15, 5, 6, 16, 17, 8, 9, 0, 10, 18, 3, 19, 18, 19, 7, 11, 14, 1]",1,1024,0,10
0,0,11.0,0,0.0002660999889485538,"[5, 11, 12, 8, 9, 11, 5, 15, 0, 16, 1, 12, 7, 13, 6, 18, 20, 5, 18, 20, 11, 10, 14, 18, 4]",1,1024,0,1
1,1,9.0,2,0.0013021999620832503,"[5, 11, 12, 8, 9, 11, 5, 15, 0, 16, 1, 12, 7, 13, 6, 18, 20, 5, 18, 20, 11, 10, 14, 24, 4]",1,1024,0,1
2,2,9.0,3,0.002486000012140721,"[5, 11, 12, 8, 9, 11, 5, 15, 0, 16, 1, 12, 7, 13, 6, 18, 20, 5, 18, 20, 11, 10, 14, 24, 4]",1,1024,0,1
3,4,9.0,5,0.00341810000827536,"[5, 11, 12, 8, 9, 11, 5, 15, 0, 16, 1, 12, 7, 13, 6, 18, 20, 5, 18, 20, 11, 10, 14, 24, 4]",1,1024,0,1
4,8,7.0,11,0.004870200005825609,"[5, 0, 12, 8, 9, 11, 5, 15, 0, 16, 1, 12, 7, 13, 6, 18, 20, 9, 18, 20, 11, 10, 14, 24, 4]",1,1024,0,1
5,16,3.0,23,0.006964300002437085,"[5, 0, 12, 8, 9, 11, 22, 15, 0, 16, 1, 13, 7, 13, 6, 18, 20, 3, 18, 15, 11, 10, 14, 24, 4]",1,1024,0,1
6,32,2.0,40,0.009636599977966398,"[5, 0, 12, 8, 9, 11, 22, 15, 0, 16, 1, 13, 7, 13, 6, 18, 20, 3, 18, 15, 17, 10, 14, 24, 4]",1,1024,0,1
7,64,1.0,73,0.014411400014068931,"[5, 0, 12, 8, 9, 11, 22, 15, 0, 16, 1, 13, 7, 13, 6, 18, 20, 3, 23, 15, 17, 10, 14, 24, 4]",1,1024,0,1
8,128,0.0,116,0.021312199998646975,"[5, 0, 12, 8, 9, 11, 22, 15, 21, 16, 1, 13, 7, 13, 6, 18, 20, 3, 23, 15, 17, 10, 14, 24, 4]",1,1024,0,1
9,256,0.0,116,0.021312199998646975,"[5, 0, 12, 8, 9, 11, 22, 15, 21, 16, 1, 13, 7, 13, 6, 18, 20, 3, 23, 15, 17, 10, 14, 24, 4]",1,1024,0,1
10,512,0.0,116,0.021312199998646975,"[5, 0, 12, 8, 9, 11, 22, 15, 21, 16, 1, 13, 7, 13, 6, 18, 20, 3, 23, 15, 17, 10, 14, 24, 4]",1,1024,0,1
11,1024,0.0,116,0.021312199998646975,"[5, 0, 12, 8, 9, 11, 22, 15, 21, 16, 1, 13, 7, 13, 6, 18, 20, 3, 23, 15, 17, 10, 14, 24, 4]",1,1024,0,1
0,0,12.0,0,0.00025240000104531646,"[8, 15, 13, 8, 22, 11, 18, 11, 8, 7, 2, 17, 11, 21, 15, 20, 20, 5, 7, 3, 6, 4, 10, 11, 19]",1,1024,0,2
1,1,10.0,2,0.0011606000480242074,"[8, 15, 13, 8, 22, 11, 18, 6, 8, 7, 2, 17, 11, 21, 15, 20, 20, 5, 7, 3, 6, 4, 10, 11, 19]",1,1024,0,2
2,2,10.0,3,0.0019058000179938972,"[8, 15, 13, 8, 22, 11, 18, 6, 8, 7, 2, 17, 11, 21, 15, 20, 20, 5, 7, 3, 6, 4, 10, 11, 19]",1,1024,0,2
3,4,9.0,6,0.0028961000498384237,"[8, 15, 13, 5, 22, 11, 18, 6, 8, 7, 2, 17, 11, 21, 15, 20, 20, 5, 7, 3, 6, 4, 10, 11, 19]",1,1024,0,2
4,8,8.0,11,0.004173500055912882,"[8, 15, 13, 5, 22, 11, 18, 6, 8, 7, 2, 17, 11, 21, 12, 20, 20, 5, 7, 3, 6, 4, 10, 11, 19]",1,1024,0,2
5,16,4.0,23,0.006425600033253431,"[8, 15, 13, 5, 22, 11, 18, 15, 24, 14, 2, 17, 11, 21, 12, 20, 20, 23, 7, 3, 6, 4, 10, 11, 19]",1,1024,0,2
6,32,4.0,39,0.00911490002181381,"[8, 15, 13, 5, 22, 11, 18, 15, 24, 14, 2, 17, 11, 21, 12, 20, 20, 23, 7, 3, 6, 4, 10, 11, 19]",1,1024,0,2
7,64,2.0,73,0.014783900056499988,"[8, 15, 13, 5, 0, 11, 18, 15, 24, 14, 2, 17, 11, 21, 12, 20, 20, 23, 7, 3, 6, 4, 10, 22, 19]",1,1024,0,2
8,128,0.0,100,0.01934080000501126,"[8, 15, 13, 5, 0, 9, 18, 15, 24, 14, 2, 17, 11, 21, 12, 2, 20, 23, 7, 3, 6, 4, 10, 22, 19]",1,1024,0,2
9,256,0.0,100,0.01934080000501126,"[8, 15, 13, 5, 0, 9, 18, 15, 24, 14, 2, 17, 11, 21, 12, 2, 20, 23, 7, 3, 6, 4, 10, 22, 19]",1,1024,0,2
10,512,0.0,100,0.01934080000501126,"[8, 15, 13, 5, 0, 9, 18, 15, 24, 14, 2, 17, 11, 21, 12, 2, 20, 23, 7, 3, 6, 4, 10, 22, 19]",1,1024,0,2
11,1024,0.0,100,0.01934080000501126,"[8, 15, 13, 5, 0, 9, 18, 15, 24, 14, 2, 17, 11, 21, 12, 2, 20, 23, 7, 3, 6, 4, 10, 22, 19]",1,1024,0,2
0,0,9.0,0,0.0003182999789714813,"[10, 24, 3, 24, 8, 0, 21, 19, 10, 11, 9, 10, 21, 23, 6, 0, 20, 12, 7, 14, 24, 17, 22, 2, 2]",1,1024,0,3
1,1,7.0,2,0.0012029000208713114,"[10, 19, 3, 24, 8, 0, 21, 19, 10, 11, 9, 10, 21, 23, 6, 0, 20, 12, 7, 14, 24, 17, 22, 2, 2]",1,1024,0,3
2,2,7.0,3,0.0019062000210396945,"[10, 19, 3, 24, 8, 0, 21, 19, 10, 11, 9, 10, 21, 23, 6, 0, 20, 12, 7, 14, 24, 17, 22, 2, 2]",1,1024,0,3
3,4,7.0,5,0.002713399997446686,"[10, 19, 3, 24, 8, 0, 21, 19, 10, 11, 9, 10, 21, 23, 6, 0, 20, 12, 7, 14, 24, 17, 22, 2, 2]",1,1024,0,3
4,8,7.0,9,0.0037468000082299113,"[10, 19, 3, 24, 8, 0, 21, 19, 10, 11, 9, 10, 21, 23, 6, 0, 20, 12, 7, 14, 24, 17, 22, 2, 2]",1,1024,0,3
5,16,5.0,19,0.005521300015971065,"[9, 19, 3, 24, 8, 15, 21, 19, 10, 11, 9, 10, 21, 23, 6, 0, 20, 12, 7, 14, 24, 17, 22, 2, 2]",1,1024,0,3
6,32,4.0,36,0.008848600031342357,"[9, 19, 3, 24, 8, 15, 21, 19, 13, 11, 9, 10, 21, 23, 6, 0, 20, 12, 7, 14, 24, 17, 22, 2, 2]",1,1024,0,3
7,64,2.0,70,0.014213500020559877,"[9, 19, 3, 24, 8, 15, 21, 19, 13, 11, 9, 10, 21, 23, 6, 0, 20, 12, 7, 14, 1, 17, 22, 4, 2]",1,1024,0,3
8,128,1.0,135,0.02452799997990951,"[16, 19, 3, 24, 8, 15, 21, 19, 13, 11, 9, 10, 21, 23, 6, 0, 20, 12, 7, 14, 1, 17, 22, 4, 2]",1,1024,0,3
9,256,0.0,160,0.029273100022692233,"[16, 19, 3, 24, 8, 15, 18, 19, 13, 11, 9, 10, 21, 23, 6, 0, 20, 12, 7, 14, 1, 17, 22, 4, 2]",1,1024,0,3
10,512,0.0,160,0.029273100022692233,"[16, 19, 3, 24, 8, 15, 18, 19, 13, 11, 9, 10, 21, 23, 6, 0, 20, 12, 7, 14, 1, 17, 22, 4, 2]",1,1024,0,3
11,1024,0.0,160,0.029273100022692233,"[16, 19, 3, 24, 8, 15, 18, 19, 13, 11, 9, 10, 21, 23, 6, 0, 20, 12, 7, 14, 1, 17, 22, 4, 2]",1,1024,0,3
0,0,14.0,0,0.00025209999876096845,"[14, 23, 5, 1, 8, 23, 8, 18, 9, 7, 13, 23, 23, 8, 4, 18, 12, 6, 10, 20, 3, 0, 23, 21, 21]",1,1024,0,4
1,1,14.0,1,0.0011066000442951918,"[14, 23, 5, 1, 8, 23, 8, 18, 9, 7, 13, 23, 23, 8, 4, 18, 12, 6, 10, 20, 3, 0, 23, 21, 21]",1,1024,0,4
2,2,12.0,3,0.0019365000189282,"[14, 23, 5, 1, 8, 23, 2, 18, 9, 7, 13, 23, 23, 8, 4, 18, 12, 6, 10, 20, 3, 0, 23, 21, 21]",1,1024,0,4
3,4,12.0,5,0.0027481000288389623,"[14, 23, 5, 1, 8, 23, 2, 18, 9, 7, 13, 23, 23, 8, 4, 18, 12, 6, 10, 20, 3, 0, 23, 21, 21]",1,1024,0,4
4,8,12.0,9,0.003782500047236681,"[14, 23, 5, 1, 8, 23, 2, 18, 9, 7, 13, 23, 23, 8, 4, 18, 12, 6, 10, 20, 3, 0, 23, 21, 21]",1,1024,0,4
5,16,12.0,17,0.005286600033286959,"[14, 23, 5, 1, 8, 23, 2, 18, 9, 7, 13, 23, 23, 8, 4, 18, 12, 6, 10, 20, 3, 0, 23, 21, 21]",1,1024,0,4
6,32,3.0,38,0.008700900012627244,"[14, 23, 5, 1, 8, 23, 2, 18, 9, 7, 13, 24, 23, 11, 4, 4, 12, 6, 10, 20, 3, 0, 3, 21, 18]",1,1024,0,4
7,64,2.0,71,0.014015600027050823,"[14, 23, 5, 1, 8, 23, 2, 18, 9, 7, 13, 24, 23, 11, 4, 4, 12, 6, 10, 20, 3, 0, 16, 21, 18]",1,1024,0,4
8,128,1.0,136,0.024246300046797842,"[14, 23, 5, 1, 8, 0, 2, 18, 9, 7, 13, 24, 23, 11, 4, 4, 12, 6, 10, 20, 3, 0, 16, 21, 18]",1,1024,0,4
9,256,1.0,264,0.05059820000315085,"[14, 23, 5, 1, 8, 0, 2, 18, 9, 7, 13, 24, 23, 11, 4, 4, 12, 6, 10, 20, 3, 0, 16, 21, 18]",1,1024,0,4
10,512,0.0,425,0.0941791000077501,"[14, 23, 5, 1, 8, 22, 2, 18, 9, 7, 13, 24, 23, 11, 4, 4, 12, 6, 10, 20, 3, 0, 16, 21, 18]",1,1024,0,4
11,1024,0.0,425,0.0941791000077501,"[14, 23, 5, 1, 8, 22, 2, 18, 9, 7, 13, 24, 23, 11, 4, 4, 12, 6, 10, 20, 3, 0, 16, 21, 18]",1,1024,0,4
0,0,11.0,0,0.0002739000483416021,"[3, 14, 15, 6, 22, 16, 9, 8, 4, 7, 16, 16, 7, 12, 15, 17, 21, 7, 16, 12, 13, 11, 1, 15, 20]",1,1024,0,5
1,1,11.0,1,0.001033600012306124,"[3, 14, 15, 6, 22, 16, 9, 8, 4, 7, 16, 16, 7, 12, 15, 17, 21, 7, 16, 12, 13, 11, 1, 15, 20]",1,1024,0,5
2,2,10.0,3,0.001879699993878603,"[3, 14, 15, 6, 22, 16, 9, 8, 4, 11, 16, 16, 7, 12, 15, 17, 21, 7, 16, 12, 13, 11, 1, 15, 20]",1,1024,0,5
3,4,10.0,5,0.0027021000278182328,"[3, 14, 15, 6, 22, 16, 9, 8, 4, 11, 16, 16, 7, 12, 15, 17, 21, 7, 16, 12, 13, 11, 1, 15, 20]",1,1024,0,5
4,8,9.0,10,0.0038432000437751412,"[3, 14, 15, 6, 22, 16, 9, 8, 4, 11, 16, 16, 7, 12, 5, 17, 21, 7, 16, 12, 13, 11, 1, 15, 20]",1,1024,0,5
5,16,7.0,20,0.005631100037135184,"[3, 14, 15, 6, 22, 16, 9, 8, 4, 11, 16, 16, 14, 12, 5, 17, 21, 7, 16, 2, 13, 11, 1, 15, 20]",1,1024,0,5
6,32,5.0,37,0.009625600010622293,"[3, 14, 15, 6, 22, 2, 9, 8, 4, 11, 16, 16, 14, 12, 5, 17, 21, 7, 16, 2, 13, 11, 1, 15, 20]",1,1024,0,5
7,64,2.0,72,0.01743860001442954,"[3, 14, 15, 6, 22, 10, 9, 8, 4, 11, 16, 16, 14, 12, 5, 17, 21, 7, 13, 2, 18, 11, 1, 15, 20]",1,1024,0,5
8,128,0.0,98,0.022234900039620697,"[3, 14, 2, 6, 22, 10, 9, 8, 4, 0, 16, 16, 14, 12, 5, 17, 21, 7, 13, 2, 18, 11, 1, 15, 20]",1,1024,0,5
9,256,0.0,98,0.022234900039620697,"[3, 14, 2, 6, 22, 10, 9, 8, 4, 0, 16, 16, 14, 12, 5, 17, 21, 7, 13, 2, 18, 11, 1, 15, 20]",1,1024,0,5
10,512,0.0,98,0.022234900039620697,"[3, 14, 2, 6, 22, 10, 9, 8, 4, 0, 16, 16, 14, 12, 5, 17, 21, 7, 13, 2, 18, 11, 1, 15, 20]",1,1024,0,5
11,1024,0.0,98,0.022234900039620697,"[3, 14, 2, 6, 22, 10, 9, 8, 4, 0, 16, 16, 14, 12, 5, 17, 21, 7, 13, 2, 18, 11, 1, 15, 20]",1,1024,0,5
0,0,15.0,0,0.00029070000164210796,"[9, 4, 15, 0, 17, 16, 17, 8, 9, 0, 10, 8, 22, 4, 19, 16, 4, 15, 11, 22, 24, 11, 1, 8, 4]",1,1024,0,10
1,1,15.0,1,0.002162200049497187,"[9, 4, 15, 0, 17, 16, 17, 8, 9, 0, 10, 8, 22, 4, 19, 16, 4, 15, 11, 22, 24, 11, 1, 8, 4]",1,1024,0,10
2,2,14.0,3,0.0033009000471793115,"[9, 4, 15, 0, 17, 16, 17, 8, 9, 0, 10, 8, 22, 4, 19, 16, 4, 15, 11, 23, 24, 11, 1, 8, 4]",1,1024,0,10
3,4,12.0,6,0.004738799994811416,"[9, 4, 15, 0, 17, 16, 17, 8, 9, 0, 10, 8, 22, 6, 19, 16, 4, 15, 11, 23, 24, 11, 1, 8, 4]",1,1024,0,10
4,8,11.0,11,0.0060276000294834375,"[9, 4, 15, 0, 19, 16, 17, 8, 9, 0, 10, 8, 22, 6, 19, 16, 4, 15, 11, 23, 24, 11, 1, 8, 4]",1,1024,0,10
5,16,6.0,23,0.008134400006383657,"[9, 21, 15, 0, 19, 16, 17, 8, 9, 0, 10, 8, 22, 6, 19, 16, 23, 14, 11, 23, 24, 11, 1, 12, 4]",1,1024,0,10
6,32,5.0,40,0.010912600031588227,"[13, 21, 15, 0, 19, 16, 17, 8, 9, 0, 10, 8, 22, 6, 19, 16, 23, 14, 11, 23, 24, 11, 1, 12, 4]",1,1024,0,10
7,64,3.0,74,0.01634090003790334,"[13, 21, 15, 0, 19, 16, 17, 8, 9, 0, 10, 8, 22, 6, 19, 16, 23, 14, 18, 15, 24, 11, 1, 12, 4]",1,1024,0,10
8,128,2.0,139,0.02946030005114153,"[13, 21, 15, 0, 19, 16, 17, 7, 9, 0, 10, 8, 22, 6, 19, 16, 23, 14, 18, 15, 24, 11, 1, 12, 4]",1,1024,0,10
9,256,1.0,268,0.056530500005465,"[13, 21, 15, 0, 19, 20, 17, 7, 9, 0, 10, 8, 22, 6, 19, 16, 23, 14, 18, 15, 24, 11, 1, 12, 4]",1,1024,0,10
10,512,0.0,279,0.060504900000523776,"[13, 21, 15, 5, 19, 20, 17, 7, 9, 0, 10, 8, 22, 6, 19, 16, 23, 14, 18, 15, 24, 11, 1, 12, 4]",1,1024,0,10
11,1024,0.0,279,0.060504900000523776,"[13, 21, 15, 5, 19, 20, 17, 7, 9, 0, 10, 8, 22, 6, 19, 16, 23, 14, 18, 15, 24, 11, 1, 12, 4]",1,1024,0,10
0,0,13.0,0,0.0003645999822765589,"[5, 11, 12, 8, 9, 11, 5, 15, 0, 16, 1, 12, 7, 13, 28, 6, 25, 18, 20, 5, 18, 20, 11, 28, 10, 28, 29, 14, 18, 4]",1,1024,0,1
1,1,11.0,2,0.002448700019158423,"[5, 11, 12, 8, 9, 11, 5, 15, 0, 16, 1, 12, 7, 13, 28, 6, 25, 18, 20, 5, 18, 20, 11, 23, 10, 28, 29, 14, 18, 4]",1,1024,0,1
2,2,11.0,3,0.003831000009085983,"[5, 11, 12, 8, 9, 11, 5, 15, 0, 16, 1, 12, 7, 13, 28, 6, 25, 18, 20, 5, 18, 20, 11, 23, 10, 28, 29, 14, 18, 4]",1,1024,0,1
3,4,10.0,6,0.0050805999781005085,"[5, 11, 12, 8, 9, 11, 5, 15, 0, 16, 1, 12, 7, 13, 28, 6, 25, 18, 20, 5, 18, 20, 14, 23, 10, 28, 29, 14, 18, 4]",1,1024,0,1
4,8,10.0,10,0.006635400000959635,"[5, 11, 12, 8, 9, 11, 5, 15, 0, 16, 1, 12, 7, 13, 28, 6, 25, 18, 20, 5, 18, 20, 14, 23, 10, 28, 29, 14, 18, 4]",1,1024,0,1
5,16,7.0,21,0.00961269997060299,"[5, 11, 12, 8, 9, 11, 5, 15, 0, 16, 1, 12, 7, 13, 28, 6, 25, 8, 20, 5, 18, 17, 14, 23, 10, 3, 29, 14, 18, 4]",1,1024,0,1
6,32,7.0,37,0.014189600013196468,"[5, 11, 12, 8, 9, 11, 5, 15, 0, 16, 1, 12, 7, 13, 28, 6, 25, 8, 20, 5, 18, 17, 14, 23, 10, 3, 29, 14, 18, 4]",1,1024,0,1
7,64,3.0,73,0.02181060001021251,"[5, 11, 12, 8, 9, 11, 21, 15, 0, 16, 1, 12, 7, 13, 28, 6, 25, 8, 20, 5, 18, 17, 14, 23, 10, 3, 29, 22, 10, 4]",1,1024,0,1
8,128,2.0,138,0.03557000000728294,"[5, 11, 10, 8, 9, 11, 21, 15, 0, 16, 1, 12, 7, 13, 28, 6, 25, 8, 20, 5, 18, 17, 14, 23, 10, 3, 29, 22, 10, 4]",1,1024,0,1
9,256,1.0,267,0.06738740002037957,"[5, 11, 10, 8, 9, 11, 21, 15, 0, 16, 1, 12, 7, 13, 28, 6, 25, 24, 20, 5, 18, 17, 14, 23, 10, 3, 29, 22, 10, 4]",1,1024,0,1
10,512,0.0,323,0.08436579996487126,"[5, 11, 10, 8, 9, 27, 21, 15, 0, 16, 1, 12, 7, 13, 28, 6, 25, 24, 20, 5, 18, 17, 14, 23, 10, 3, 29, 22, 10, 4]",1,1024,0,1
11,1024,0.0,323,0.08436579996487126,"[5, 11, 10, 8, 9, 27, 21, 15, 0, 16, 1, 12, 7, 13, 28, 6, 25, 24, 20, 5, 18, 17, 14, 23, 10, 3, 29, 22, 10, 4]",1,1024,0,1
0,0,15.0,0,0.0005240999744273722,"[8, 15, 13, 8, 22, 11, 18, 11, 8, 7, 2, 17, 11, 21, 15, 26, 20, 28, 20, 5, 7, 3, 6, 4, 10, 11, 19, 7, 6, 10]",1,1024,0,2
1,1,14.0,2,0.0018202000064775348,"[8, 27, 13, 8, 22, 11, 18, 11, 8, 7, 2, 17, 11, 21, 15, 26, 20, 28, 20, 5, 7, 3, 6, 4, 10, 11, 19, 7, 6, 10]",1,1024,0,2
2,2,14.0,3,0.0032763999770395458,"[8, 27, 13, 8, 22, 11, 18, 11, 8, 7, 2, 17, 11, 21, 15, 26, 20, 28, 20, 5, 7, 3, 6, 4, 10, 11, 19, 7, 6, 10]",1,1024,0,2
3,4,11.0,6,0.005697200016584247,"[8, 27, 13, 8, 22, 25, 18, 11, 8, 7, 2, 17, 11, 21, 15, 26, 20, 28, 20, 5, 7, 3, 6, 4, 10, 11, 19, 7, 6, 10]",1,1024,0,2
4,8,10.0,11,0.00861999997869134,"[8, 27, 13, 8, 22, 25, 18, 11, 8, 7, 2, 17, 11, 21, 15, 26, 20, 28, 20, 5, 7, 3, 6, 4, 10, 2, 19, 7, 6, 10]",1,1024,0,2
5,16,6.0,21,0.011317699973005801,"[8, 27, 13, 8, 22, 25, 18, 11, 24, 14, 2, 17, 11, 21, 15, 26, 20, 28, 20, 5, 7, 3, 6, 4, 10, 2, 19, 7, 6, 10]",1,1024,0,2
6,32,4.0,39,0.015532099991105497,"[12, 27, 13, 8, 22, 25, 18, 11, 24, 14, 2, 17, 11, 21, 15, 26, 20, 28, 20, 5, 7, 3, 6, 4, 10, 2, 19, 7, 10, 10]",1,1024,0,2
7,64,2.0,73,0.024853300012182444,"[12, 27, 13, 8, 22, 25, 18, 11, 24, 14, 2, 17, 11, 21, 15, 26, 20, 28, 9, 5, 7, 3, 6, 4, 10, 19, 19, 7, 10, 10]",1,1024,0,2
8,128,1.0,138,0.03933960001450032,"[12, 27, 13, 8, 22, 25, 18, 11, 24, 14, 2, 17, 15, 21, 15, 26, 20, 28, 9, 5, 7, 3, 6, 4, 10, 19, 19, 7, 10, 10]",1,1024,0,2
9,256,0.0,151,0.044509699975606054,"[12, 27, 13, 8, 22, 25, 18, 11, 24, 14, 2, 17, 15, 21, 15, 26, 20, 28, 9, 5, 7, 3, 6, 4, 10, 19, 19, 16, 10, 10]",1,1024,0,2
10,512,0.0,151,0.044509699975606054,"[12, 27, 13, 8, 22, 25, 18, 11, 24, 14, 2, 17, 15, 21, 15, 26, 20, 28, 9, 5, 7, 3, 6, 4, 10, 19, 19, 16, 10, 10]",1,1024,0,2
11,1024,0.0,151,0.044509699975606054,"[12, 27, 13, 8, 22, 25, 18, 11, 24, 14, 2, 17, 15, 21, 15, 26, 20, 28, 9, 5, 7, 3, 6, 4, 10, 19, 19, 16, 10, 10]",1,1024,0,2
0,0,6.0,0,0.00039900001138448715,"[10, 24, 25, 3, 24, 8, 0, 21, 29, 19, 10, 11, 25, 9, 10, 21, 23, 6, 0, 20, 12, 29, 7, 14, 24, 26, 17, 26, 22, 2]",1,1024,0,3
1,1,6.0,1,0.0014951000339351594,"[10, 24, 25, 3, 24, 8, 0, 21, 29, 19, 10, 11, 25, 9, 10, 21, 23, 6, 0, 20, 12, 29, 7, 14, 24, 26, 17, 26, 22, 2]",1,1024,0,3
2,2,6.0,2,0.0024142999900504947,"[10, 24, 25, 3, 24, 8, 0, 21, 29, 19, 10, 11, 25, 9, 10, 21, 23, 6, 0, 20, 12, 29, 7, 14, 24, 26, 17, 26, 22, 2]",1,1024,0,3
3,4,6.0,4,0.0034835999831557274,"[10, 24, 25, 3, 24, 8, 0, 21, 29, 19, 10, 11, 25, 9, 10, 21, 23, 6, 0, 20, 12, 29, 7, 14, 24, 26, 17, 26, 22, 2]",1,1024,0,3
4,8,6.0,8,0.00481820001732558,"[10, 24, 25, 3, 24, 8, 0, 21, 29, 19, 10, 11, 25, 9, 10, 21, 23, 6, 0, 20, 12, 29, 7, 14, 24, 26, 17, 26, 22, 2]",1,1024,0,3
5,16,5.0,17,0.008677100006025285,"[10, 24, 25, 3, 24, 8, 0, 21, 29, 19, 10, 11, 25, 9, 10, 21, 23, 6, 0, 20, 12, 29, 7, 14, 24, 26, 17, 15, 22, 2]",1,1024,0,3
6,32,4.0,34,0.014957899984437972,"[10, 24, 25, 3, 24, 8, 0, 5, 29, 19, 10, 11, 25, 9, 10, 21, 23, 6, 0, 20, 12, 29, 7, 14, 24, 26, 17, 15, 22, 2]",1,1024,0,3
7,64,2.0,68,0.022985099989455193,"[10, 24, 25, 3, 27, 8, 0, 5, 29, 19, 10, 11, 28, 9, 10, 21, 23, 6, 0, 20, 12, 29, 7, 14, 24, 26, 17, 15, 22, 2]",1,1024,0,3
8,128,2.0,132,0.03709340002387762,"[10, 24, 25, 3, 27, 8, 0, 5, 29, 19, 10, 11, 28, 9, 10, 21, 23, 6, 0, 20, 12, 29, 7, 14, 24, 26, 17, 15, 22, 2]",1,1024,0,3
9,256,0.0,168,0.04599970002891496,"[10, 24, 25, 3, 27, 8, 0, 5, 29, 19, 10, 11, 28, 9, 27, 21, 23, 6, 0, 20, 12, 4, 7, 14, 24, 26, 17, 15, 22, 2]",1,1024,0,3
10,512,0.0,168,0.04599970002891496,"[10, 24, 25, 3, 27, 8, 0, 5, 29, 19, 10, 11, 28, 9, 27, 21, 23, 6, 0, 20, 12, 4, 7, 14, 24, 26, 17, 15, 22, 2]",1,1024,0,3
11,1024,0.0,168,0.04599970002891496,"[10, 24, 25, 3, 27, 8, 0, 5, 29, 19, 10, 11, 28, 9, 27, 21, 23, 6, 0, 20, 12, 4, 7, 14, 24, 26, 17, 15, 22, 2]",1,1024,0,3
0,0,12.0,0,0.00033469998743385077,"[26, 14, 23, 5, 1, 8, 23, 8, 18, 9, 26, 28, 7, 13, 23, 23, 25, 8, 4, 18, 12, 6, 10, 20, 3, 0, 23, 21, 21, 9]",1,1024,0,4
1,1,9.0,2,0.0014400999643839896,"[26, 14, 23, 5, 1, 8, 6, 8, 18, 9, 26, 28, 7, 13, 23, 23, 25, 8, 4, 18, 12, 6, 10, 20, 3, 0, 23, 21, 21, 9]",1,1024,0,4
2,2,9.0,3,0.0022683999850414693,"[26, 14, 23, 5, 1, 8, 6, 8, 18, 9, 26, 28, 7, 13, 23, 23, 25, 8, 4, 18, 12, 6, 10, 20, 3, 0, 23, 21, 21, 9]",1,1024,0,4
3,4,8.0,6,0.0035678999847732484,"[26, 14, 23, 5, 1, 8, 6, 8, 17, 9, 26, 28, 7, 13, 23, 23, 25, 8, 4, 18, 12, 6, 10, 20, 3, 0, 23, 21, 21, 9]",1,1024,0,4
4,8,7.0,11,0.0051598999998532236,"[26, 14, 27, 5, 1, 8, 6, 8, 17, 9, 26, 28, 7, 13, 23, 23, 25, 8, 4, 18, 12, 6, 10, 20, 3, 0, 23, 21, 21, 9]",1,1024,0,4
5,16,7.0,19,0.007664099975954741,"[26, 14, 27, 5, 1, 8, 6, 8, 17, 9, 26, 28, 7, 13, 23, 23, 25, 8, 4, 18, 12, 6, 10, 20, 3, 0, 23, 21, 21, 9]",1,1024,0,4
6,32,4.0,38,0.013038299977779388,"[26, 14, 27, 5, 1, 8, 6, 14, 17, 19, 26, 28, 7, 13, 23, 23, 25, 8, 4, 18, 12, 6, 10, 20, 3, 0, 23, 16, 21, 9]",1,1024,0,4
7,64,2.0,72,0.020321099960710853,"[26, 14, 27, 5, 1, 8, 6, 14, 17, 19, 26, 28, 7, 13, 23, 23, 25, 15, 4, 18, 12, 6, 10, 20, 3, 0, 22, 16, 21, 9]",1,1024,0,4
8,128,0.0,121,0.03138309996575117,"[26, 3, 27, 5, 1, 8, 6, 14, 17, 19, 26, 28, 7, 13, 23, 23, 25, 15, 4, 18, 12, 2, 10, 20, 3, 0, 22, 16, 21, 9]",1,1024,0,4
9,256,0.0,121,0.03138309996575117,"[26, 3, 27, 5, 1, 8, 6, 14, 17, 19, 26, 28, 7, 13, 23, 23, 25, 15, 4, 18, 12, 2, 10, 20, 3, 0, 22, 16, 21, 9]",1,1024,0,4
10,512,0.0,121,0.03138309996575117,"[26, 3, 27, 5, 1, 8, 6, 14, 17, 19, 26, 28, 7, 13, 23, 23, 25, 15, 4, 18, 12, 2, 10, 20, 3, 0, 22, 16, 21, 9]",1,1024,0,4
11,1024,0.0,121,0.03138309996575117,"[26, 3, 27, 5, 1, 8, 6, 14, 17, 19, 26, 28, 7, 13, 23, 23, 25, 15, 4, 18, 12, 2, 10, 20, 3, 0, 22, 16, 21, 9]",1,1024,0,4
0,0,14.0,0,0.00033760000951588154,"[3, 14, 15, 29, 6, 22, 16, 9, 8, 4, 7, 27, 16, 16, 7, 12, 15, 17, 21, 7, 16, 27, 12, 13, 11, 1, 15, 20, 22, 29]",1,1024,0,5
1,1,14.0,1,0.0011899999808520079,"[3, 14, 15, 29, 6, 22, 16, 9, 8, 4, 7, 27, 16, 16, 7, 12, 15, 17, 21, 7, 16, 27, 12, 13, 11, 1, 15, 20, 22, 29]",1,1024,0,5
2,2,14.0,2,0.0020752999698743224,"[3, 14, 15, 29, 6, 22, 16, 9, 8, 4, 7, 27, 16, 16, 7, 12, 15, 17, 21, 7, 16, 27, 12, 13, 11, 1, 15, 20, 22, 29]",1,1024,0,5
3,4,14.0,4,0.003286499995738268,"[3, 14, 15, 29, 6, 22, 16, 9, 8, 4, 7, 27, 16, 16, 7, 12, 15, 17, 21, 7, 16, 27, 12, 13, 11, 1, 15, 20, 22, 29]",1,1024,0,5
4,8,11.0,10,0.005422099959105253,"[3, 14, 15, 29, 6, 22, 16, 9, 8, 4, 7, 27, 16, 16, 5, 12, 15, 17, 21, 7, 16, 27, 12, 13, 11, 1, 0, 20, 22, 29]",1,1024,0,5
5,16,10.0,19,0.00838750001275912,"[3, 14, 15, 29, 6, 22, 16, 9, 8, 4, 7, 27, 16, 16, 5, 12, 15, 17, 21, 19, 16, 27, 12, 13, 11, 1, 0, 20, 22, 29]",1,1024,0,5
6,32,5.0,39,0.013275399978738278,"[3, 14, 15, 28, 6, 2, 16, 9, 8, 4, 7, 11, 13, 16, 5, 12, 15, 17, 21, 19, 16, 27, 12, 13, 11, 1, 0, 20, 22, 29]",1,1024,0,5
7,64,3.0,73,0.021283699956256896,"[3, 14, 15, 28, 6, 2, 3, 9, 8, 4, 7, 11, 13, 16, 5, 19, 15, 17, 21, 19, 16, 27, 12, 13, 11, 1, 0, 20, 22, 29]",1,1024,0,5
8,128,2.0,138,0.04174309998052195,"[3, 14, 15, 28, 6, 2, 10, 9, 8, 4, 7, 11, 13, 16, 5, 19, 15, 17, 21, 19, 16, 27, 12, 13, 11, 1, 0, 20, 22, 29]",1,1024,0,5
9,256,0.0,223,0.0668559999903664,"[3, 14, 23, 28, 6, 2, 10, 9, 8, 4, 7, 11, 26, 16, 5, 19, 15, 17, 21, 19, 16, 27, 12, 13, 11, 1, 0, 20, 22, 29]",1,1024,0,5
10,512,0.0,223,0.0668559999903664,"[3, 14, 23, 28, 6, 2, 10, 9, 8, 4, 7, 11, 26, 16, 5, 19, 15, 17, 21, 19, 16, 27, 12, 13, 11, 1, 0, 20, 22, 29]",1,1024,0,5
11,1024,0.0,223,0.0668559999903664,"[3, 14, 23, 28, 6, 2, 10, 9, 8, 4, 7, 11, 26, 16, 5, 19, 15, 17, 21, 19, 16, 27, 12, 13, 11, 1, 0, 20, 22, 29]",1,1024,0,5
0,0,13.0,0,0.00049029994988814,"[9, 29, 4, 15, 0, 17, 27, 28, 25, 29, 16, 29, 17, 26, 8, 9, 0, 10, 8, 22, 4, 19, 16, 4, 15, 11, 22, 24, 11, 26]",1,1024,0,10
1,1,13.0,1,0.0022330000065267086,"[9, 29, 4, 15, 0, 17, 27, 28, 25, 29, 16, 29, 17, 26, 8, 9, 0, 10, 8, 22, 4, 19, 16, 4, 15, 11, 22, 24, 11, 26]",1,1024,0,10
2,2,13.0,2,0.003508299996610731,"[9, 29, 4, 15, 0, 17, 27, 28, 25, 29, 16, 29, 17, 26, 8, 9, 0, 10, 8, 22, 4, 19, 16, 4, 15, 11, 22, 24, 11, 26]",1,1024,0,10
3,4,12.0,5,0.0049848000053316355,"[9, 29, 4, 15, 0, 17, 27, 28, 25, 29, 16, 29, 17, 26, 8, 9, 0, 10, 8, 22, 4, 19, 13, 4, 15, 11, 22, 24, 11, 26]",1,1024,0,10
4,8,11.0,10,0.006539399968460202,"[9, 29, 4, 15, 0, 17, 27, 28, 25, 29, 16, 29, 17, 26, 8, 9, 0, 10, 8, 26, 4, 19, 13, 4, 15, 11, 22, 24, 11, 26]",1,1024,0,10
5,16,10.0,19,0.008565499971155077,"[9, 29, 4, 15, 0, 17, 27, 28, 25, 29, 16, 29, 1, 26, 8, 9, 0, 10, 8, 26, 4, 19, 13, 4, 15, 11, 22, 24, 11, 26]",1,1024,0,10
6,32,4.0,41,0.013453299994580448,"[9, 20, 9, 15, 0, 17, 27, 28, 25, 29, 16, 17, 1, 26, 8, 19, 23, 10, 8, 26, 4, 19, 13, 4, 12, 11, 22, 24, 11, 26]",1,1024,0,10
7,64,1.0,76,0.020473299955483526,"[9, 20, 9, 15, 0, 17, 27, 28, 25, 29, 16, 16, 1, 26, 8, 19, 23, 10, 8, 26, 4, 19, 13, 3, 12, 18, 22, 24, 11, 26]",1,1024,0,10
8,128,0.0,78,0.022064999968279153,"[21, 20, 9, 15, 0, 17, 27, 28, 25, 29, 16, 16, 1, 26, 8, 19, 23, 10, 8, 26, 4, 19, 13, 3, 12, 18, 22, 24, 11, 26]",1,1024,0,10
9,256,0.0,78,0.022064999968279153,"[21, 20, 9, 15, 0, 17, 27, 28, 25, 29, 16, 16, 1, 26, 8, 19, 23, 10, 8, 26, 4, 19, 13, 3, 12, 18, 22, 24, 11, 26]",1,1024,0,10
10,512,0.0,78,0.022064999968279153,"[21, 20, 9, 15, 0, 17, 27, 28, 25, 29, 16, 16, 1, 26, 8, 19, 23, 10, 8, 26, 4, 19, 13, 3, 12, 18, 22, 24, 11, 26]",1,1024,0,10
11,1024,0.0,78,0.022064999968279153,"[21, 20, 9, 15, 0, 17, 27, 28, 25, 29, 16, 16, 1, 26, 8, 19, 23, 10, 8, 26, 4, 19, 13, 3, 12, 18, 22, 24, 11, 26]",1,1024,0,10
0,0,7.0,0,0.0004469000268727541,"[12, 8, 9, 11, 5, 15, 0, 16, 1, 12, 7, 6, 25, 20, 18, 20, 11, 28, 29, 14, 4, 23, 23, 30, 32, 22, 13, 9, 7, 22, 1, 0, 17, 8, 24]",1,1024,0,1
1,1,7.0,1,0.0013951000291854143,"[12, 8, 9, 11, 5, 15, 0, 16, 1, 12, 7, 6, 25, 20, 18, 20, 11, 28, 29, 14, 4, 23, 23, 30, 32, 22, 13, 9, 7, 22, 1, 0, 17, 8, 24]",1,1024,0,1
2,2,7.0,2,0.0022072999854572117,"[12, 8, 9, 11, 5, 15, 0, 16, 1, 12, 7, 6, 25, 20, 18, 20, 11, 28, 29, 14, 4, 23, 23, 30, 32, 22, 13, 9, 7, 22, 1, 0, 17, 8, 24]",1,1024,0,1
3,4,6.0,5,0.004003999987617135,"[12, 8, 9, 11, 5, 15, 0, 16, 1, 12, 7, 6, 25, 20, 18, 20, 11, 28, 29, 14, 4, 3, 23, 30, 32, 22, 13, 9, 7, 22, 1, 0, 17, 8, 24]",1,1024,0,1
4,8,5.0,10,0.006206599995493889,"[12, 8, 9, 11, 5, 15, 0, 16, 1, 12, 7, 6, 25, 20, 18, 20, 19, 28, 29, 14, 4, 3, 23, 30, 32, 22, 13, 9, 7, 22, 1, 0, 17, 8, 24]",1,1024,0,1
5,16,5.0,18,0.00866460002725944,"[12, 8, 9, 11, 5, 15, 0, 16, 1, 12, 7, 6, 25, 20, 18, 20, 19, 28, 29, 14, 4, 3, 23, 30, 32, 22, 13, 9, 7, 22, 1, 0, 17, 8, 24]",1,1024,0,1
6,32,4.0,35,0.012921400018967688,"[12, 8, 13, 11, 5, 15, 0, 16, 1, 12, 7, 6, 25, 20, 18, 20, 19, 28, 29, 14, 4, 3, 23, 30, 32, 22, 13, 9, 7, 22, 1, 0, 17, 8, 24]",1,1024,0,1
7,64,1.0,70,0.021288199990522116,"[12, 8, 13, 11, 5, 15, 14, 16, 1, 2, 7, 6, 25, 20, 18, 20, 19, 28, 29, 14, 4, 3, 23, 30, 32, 21, 13, 9, 7, 22, 1, 0, 17, 8, 24]",1,1024,0,1
8,128,0.0,80,0.024716600019019097,"[12, 8, 13, 11, 5, 15, 14, 16, 33, 2, 7, 6, 25, 20, 18, 20, 19, 28, 29, 14, 4, 3, 23, 30, 32, 21, 13, 9, 7, 22, 1, 0, 17, 8, 24]",1,1024,0,1
9,256,0.0,80,0.024716600019019097,"[12, 8, 13, 11, 5, 15, 14, 16, 33, 2, 7, 6, 25, 20, 18, 20, 19, 28, 29, 14, 4, 3, 23, 30, 32, 21, 13, 9, 7, 22, 1, 0, 17, 8, 24]",1,1024,0,1
10,512,0.0,80,0.024716600019019097,"[12, 8, 13, 11, 5, 15, 14, 16, 33, 2, 7, 6, 25, 20, 18, 20, 19, 28, 29, 14, 4, 3, 23, 30, 32, 21, 13, 9, 7, 22, 1, 0, 17, 8, 24]",1,1024,0,1
11,1024,0.0,80,0.024716600019019097,"[12, 8, 13, 11, 5, 15, 14, 16, 33, 2, 7, 6, 25, 20, 18, 20, 19, 28, 29, 14, 4, 3, 23, 30, 32, 21, 13, 9, 7, 22, 1, 0, 17, 8, 24]",1,1024,0,1
0,0,12.0,0,0.0004040999920107424,"[15, 8, 22, 18, 11, 7, 34, 31, 11, 21, 31, 26, 20, 3, 4, 33, 3, 5, 24, 4, 6, 31, 19, 31, 2, 16, 12, 4, 26, 15, 8, 15, 8, 17, 22]",1,1024,0,2
1,1,12.0,1,0.001274599984753877,"[15, 8, 22, 18, 11, 7, 34, 31, 11, 21, 31, 26, 20, 3, 4, 33, 3, 5, 24, 4, 6, 31, 19, 31, 2, 16, 12, 4, 26, 15, 8, 15, 8, 17, 22]",1,1024,0,2
2,2,12.0,2,0.0021523000323213637,"[15, 8, 22, 18, 11, 7, 34, 31, 11, 21, 31, 26, 20, 3, 4, 33, 3, 5, 24, 4, 6, 31, 19, 31, 2, 16, 12, 4, 26, 15, 8, 15, 8, 17, 22]",1,1024,0,2
3,4,9.0,6,0.0035161999985575676,"[15, 8, 22, 18, 11, 7, 34, 31, 13, 21, 31, 26, 20, 3, 4, 33, 3, 5, 24, 4, 6, 31, 19, 31, 2, 16, 12, 4, 26, 15, 8, 15, 27, 17, 22]",1,1024,0,2
4,8,7.0,11,0.0052628000266849995,"[15, 8, 22, 18, 11, 7, 34, 31, 13, 21, 9, 26, 20, 3, 4, 33, 3, 5, 24, 4, 6, 31, 19, 31, 2, 16, 12, 4, 26, 15, 8, 15, 27, 17, 22]",1,1024,0,2
5,16,7.0,19,0.008025499992072582,"[15, 8, 22, 18, 11, 7, 34, 31, 13, 21, 9, 26, 20, 3, 4, 33, 3, 5, 24, 4, 6, 31, 19, 31, 2, 16, 12, 4, 26, 15, 8, 15, 27, 17, 22]",1,1024,0,2
6,32,3.0,39,0.013565500034019351,"[29, 8, 22, 18, 11, 7, 34, 18, 13, 21, 9, 26, 20, 3, 4, 33, 3, 5, 24, 4, 6, 31, 19, 31, 2, 16, 12, 4, 26, 17, 14, 15, 27, 17, 22]",1,1024,0,2
7,64,2.0,72,0.021127099986188114,"[29, 8, 22, 18, 11, 7, 34, 33, 13, 21, 9, 26, 20, 3, 4, 33, 3, 5, 24, 4, 6, 31, 19, 31, 2, 16, 12, 4, 26, 17, 14, 15, 27, 17, 22]",1,1024,0,2
8,128,1.0,137,0.037415800034068525,"[29, 8, 22, 18, 11, 7, 34, 33, 13, 21, 9, 26, 20, 3, 4, 33, 3, 5, 24, 34, 6, 31, 19, 31, 2, 16, 12, 4, 26, 17, 14, 15, 27, 17, 22]",1,1024,0,2
9,256,0.0,181,0.04992750001838431,"[29, 8, 22, 18, 11, 7, 34, 33, 13, 21, 9, 26, 20, 3, 4, 33, 3, 5, 24, 34, 6, 15, 19, 31, 2, 16, 12, 4, 26, 17, 14, 15, 27, 17, 22]",1,1024,0,2
10,512,0.0,181,0.04992750001838431,"[29, 8, 22, 18, 11, 7, 34, 33, 13, 21, 9, 26, 20, 3, 4, 33, 3, 5, 24, 34, 6, 15, 19, 31, 2, 16, 12, 4, 26, 17, 14, 15, 27, 17, 22]",1,1024,0,2
11,1024,0.0,181,0.04992750001838431,"[29, 8, 22, 18, 11, 7, 34, 33, 13, 21, 9, 26, 20, 3, 4, 33, 3, 5, 24, 34, 6, 15, 19, 31, 2, 16, 12, 4, 26, 17, 14, 15, 27, 17, 22]",1,1024,0,2
0,0,11.0,0,0.00043219997314736247,"[24, 3, 8, 0, 21, 19, 10, 10, 21, 32, 20, 29, 14, 26, 17, 26, 22, 2, 2, 1, 26, 5, 33, 29, 24, 7, 33, 15, 20, 30, 21, 14, 28, 0, 0]",1,1024,0,3
1,1,11.0,1,0.0013954999740235507,"[24, 3, 8, 0, 21, 19, 10, 10, 21, 32, 20, 29, 14, 26, 17, 26, 22, 2, 2, 1, 26, 5, 33, 29, 24, 7, 33, 15, 20, 30, 21, 14, 28, 0, 0]",1,1024,0,3
2,2,11.0,2,0.00225789996329695,"[24, 3, 8, 0, 21, 19, 10, 10, 21, 32, 20, 29, 14, 26, 17, 26, 22, 2, 2, 1, 26, 5, 33, 29, 24, 7, 33, 15, 20, 30, 21, 14, 28, 0, 0]",1,1024,0,3
3,4,11.0,4,0.0032442999654449522,"[24, 3, 8, 0, 21, 19, 10, 10, 21, 32, 20, 29, 14, 26, 17, 26, 22, 2, 2, 1, 26, 5, 33, 29, 24, 7, 33, 15, 20, 30, 21, 14, 28, 0, 0]",1,1024,0,3
4,8,10.0,9,0.004773099964950234,"[24, 3, 8, 0, 21, 19, 10, 10, 21, 32, 20, 29, 14, 26, 17, 26, 22, 2, 2, 1, 26, 5, 33, 29, 24, 7, 33, 15, 20, 30, 21, 13, 28, 0, 0]",1,1024,0,3
5,16,7.0,19,0.008735999988857657,"[24, 3, 8, 0, 21, 19, 10, 10, 21, 32, 20, 29, 14, 26, 17, 26, 22, 2, 2, 1, 26, 5, 33, 29, 11, 7, 33, 15, 20, 30, 34, 13, 28, 0, 0]",1,1024,0,3
6,32,6.0,36,0.013103699951898307,"[24, 3, 8, 0, 21, 19, 10, 10, 25, 32, 20, 29, 14, 26, 17, 26, 22, 2, 2, 1, 26, 5, 33, 29, 11, 7, 33, 15, 20, 30, 34, 13, 28, 0, 0]",1,1024,0,3
7,64,4.0,70,0.020963999966625124,"[24, 3, 8, 0, 21, 19, 10, 31, 25, 32, 20, 29, 14, 26, 17, 26, 22, 2, 2, 1, 26, 5, 33, 29, 11, 7, 33, 15, 20, 30, 34, 13, 28, 0, 12]",1,1024,0,3
8,128,1.0,137,0.03870709997136146,"[24, 3, 8, 0, 21, 19, 10, 31, 25, 32, 20, 29, 14, 26, 17, 26, 22, 2, 30, 1, 18, 5, 15, 29, 11, 7, 33, 15, 20, 30, 34, 13, 28, 0, 12]",1,1024,0,3
9,256,0.0,167,0.048496499948669225,"[24, 3, 8, 0, 21, 19, 10, 31, 25, 32, 20, 29, 14, 26, 17, 26, 22, 2, 30, 1, 18, 5, 15, 29, 11, 7, 33, 15, 20, 30, 34, 13, 28, 19, 12]",1,1024,0,3
10,512,0.0,167,0.048496499948669225,"[24, 3, 8, 0, 21, 19, 10, 31, 25, 32, 20, 29, 14, 26, 17, 26, 22, 2, 30, 1, 18, 5, 15, 29, 11, 7, 33, 15, 20, 30, 34, 13, 28, 19, 12]",1,1024,0,3
11,1024,0.0,167,0.048496499948669225,"[24, 3, 8, 0, 21, 19, 10, 31, 25, 32, 20, 29, 14, 26, 17, 26, 22, 2, 30, 1, 18, 5, 15, 29, 11, 7, 33, 15, 20, 30, 34, 13, 28, 19, 12]",1,1024,0,3
0,0,15.0,0,0.0003978000022470951,"[5, 1, 23, 8, 9, 30, 3, 0, 21, 21, 9, 2, 30, 8, 2, 23, 32, 33, 32, 28, 3, 15, 34, 31, 17, 17, 25, 9, 12, 23, 30, 22, 3, 11, 23]",1,1024,0,4
1,1,14.0,2,0.0017414999892935157,"[5, 1, 23, 8, 9, 30, 8, 0, 21, 21, 9, 2, 30, 8, 2, 23, 32, 33, 32, 28, 3, 15, 34, 31, 17, 17, 25, 9, 12, 23, 30, 22, 3, 11, 23]",1,1024,0,4
2,2,13.0,4,0.0029186999890953302,"[5, 1, 23, 8, 9, 30, 8, 0, 21, 18, 9, 2, 30, 8, 2, 23, 32, 33, 32, 28, 3, 15, 34, 31, 17, 17, 25, 9, 12, 23, 30, 22, 3, 11, 23]",1,1024,0,4
3,4,13.0,6,0.00438399997074157,"[5, 1, 23, 8, 9, 30, 8, 0, 21, 18, 9, 2, 30, 8, 2, 23, 32, 33, 32, 28, 3, 15, 34, 31, 17, 17, 25, 9, 12, 23, 30, 22, 3, 11, 23]",1,1024,0,4
4,8,12.0,11,0.00745099998312071,"[5, 1, 23, 8, 12, 30, 8, 0, 21, 18, 9, 2, 30, 8, 2, 23, 32, 33, 32, 28, 3, 15, 34, 31, 17, 17, 25, 9, 12, 23, 30, 22, 3, 11, 23]",1,1024,0,4
5,16,9.0,21,0.011201300018001348,"[5, 1, 23, 4, 12, 30, 8, 0, 21, 18, 9, 2, 30, 8, 2, 13, 32, 33, 32, 28, 3, 15, 34, 31, 17, 17, 25, 9, 12, 23, 30, 22, 3, 11, 23]",1,1024,0,4
6,32,5.0,41,0.01650819997303188,"[5, 1, 23, 4, 12, 30, 8, 0, 21, 18, 24, 2, 30, 8, 2, 13, 7, 33, 32, 28, 3, 15, 34, 31, 17, 17, 25, 9, 12, 23, 1, 22, 26, 11, 23]",1,1024,0,4
7,64,1.0,77,0.026122900017071515,"[5, 20, 19, 4, 12, 30, 8, 0, 21, 18, 24, 2, 27, 8, 2, 13, 7, 33, 32, 28, 3, 15, 34, 31, 17, 17, 25, 9, 13, 23, 1, 22, 26, 11, 23]",1,1024,0,4
8,128,0.0,135,0.04134009999688715,"[5, 20, 19, 4, 12, 30, 8, 0, 21, 18, 24, 2, 27, 8, 2, 13, 7, 33, 32, 28, 3, 15, 34, 31, 14, 17, 25, 9, 13, 23, 1, 22, 26, 11, 23]",1,1024,0,4
9,256,0.0,135,0.04134009999688715,"[5, 20, 19, 4, 12, 30, 8, 0, 21, 18, 24, 2, 27, 8, 2, 13, 7, 33, 32, 28, 3, 15, 34, 31, 14, 17, 25, 9, 13, 23, 1, 22, 26, 11, 23]",1,1024,0,4
10,512,0.0,135,0.04134009999688715,"[5, 20, 19, 4, 12, 30, 8, 0, 21, 18, 24, 2, 27, 8, 2, 13, 7, 33, 32, 28, 3, 15, 34, 31, 14, 17, 25, 9, 13, 23, 1, 22, 26, 11, 23]",1,1024,0,4
11,1024,0.0,135,0.04134009999688715,"[5, 20, 19, 4, 12, 30, 8, 0, 21, 18, 24, 2, 27, 8, 2, 13, 7, 33, 32, 28, 3, 15, 34, 31, 14, 17, 25, 9, 13, 23, 1, 22, 26, 11, 23]",1,1024,0,4
0,0,17.0,0,0.0004197999951429665,"[14, 16, 9, 8, 27, 30, 16, 7, 12, 15, 16, 27, 13, 11, 1, 30, 20, 22, 18, 9, 1, 18, 16, 14, 5, 0, 16, 4, 27, 31, 2, 4, 19, 19, 18]",1,1024,0,5
1,1,17.0,1,0.0013055000454187393,"[14, 16, 9, 8, 27, 30, 16, 7, 12, 15, 16, 27, 13, 11, 1, 30, 20, 22, 18, 9, 1, 18, 16, 14, 5, 0, 16, 4, 27, 31, 2, 4, 19, 19, 18]",1,1024,0,5
2,2,17.0,2,0.002292000048328191,"[14, 16, 9, 8, 27, 30, 16, 7, 12, 15, 16, 27, 13, 11, 1, 30, 20, 22, 18, 9, 1, 18, 16, 14, 5, 0, 16, 4, 27, 31, 2, 4, 19, 19, 18]",1,1024,0,5
3,4,13.0,5,0.0035215000389143825,"[14, 3, 9, 8, 27, 30, 16, 7, 12, 15, 16, 27, 13, 11, 1, 30, 20, 22, 18, 9, 1, 18, 16, 14, 5, 0, 16, 4, 27, 31, 2, 4, 19, 19, 18]",1,1024,0,5
4,8,12.0,10,0.005349200044292957,"[14, 3, 9, 8, 27, 30, 16, 7, 12, 15, 16, 27, 13, 11, 1, 30, 20, 22, 18, 9, 1, 18, 16, 14, 5, 0, 16, 4, 27, 31, 2, 4, 19, 26, 18]",1,1024,0,5
5,16,11.0,19,0.007716500025708228,"[14, 3, 9, 8, 27, 30, 16, 7, 12, 15, 16, 27, 13, 11, 1, 30, 20, 22, 18, 9, 1, 18, 16, 14, 5, 0, 16, 4, 27, 31, 2, 10, 19, 26, 18]",1,1024,0,5
6,32,3.0,41,0.014114300021901727,"[14, 3, 9, 8, 27, 30, 16, 7, 12, 15, 16, 27, 13, 11, 1, 6, 20, 22, 28, 9, 1, 18, 17, 14, 5, 0, 31, 4, 19, 24, 2, 10, 19, 26, 18]",1,1024,0,5
7,64,0.0,62,0.02059740002732724,"[14, 3, 9, 8, 27, 30, 16, 7, 12, 15, 32, 27, 13, 11, 1, 6, 20, 22, 28, 9, 33, 18, 17, 23, 5, 0, 31, 4, 19, 24, 2, 10, 19, 26, 18]",1,1024,0,5
8,128,0.0,62,0.02059740002732724,"[14, 3, 9, 8, 27, 30, 16, 7, 12, 15, 32, 27, 13, 11, 1, 6, 20, 22, 28, 9, 33, 18, 17, 23, 5, 0, 31, 4, 19, 24, 2, 10, 19, 26, 18]",1,1024,0,5
9,256,0.0,62,0.02059740002732724,"[14, 3, 9, 8, 27, 30, 16, 7, 12, 15, 32, 27, 13, 11, 1, 6, 20, 22, 28, 9, 33, 18, 17, 23, 5, 0, 31, 4, 19, 24, 2, 10, 19, 26, 18]",1,1024,0,5
10,512,0.0,62,0.02059740002732724,"[14, 3, 9, 8, 27, 30, 16, 7, 12, 15, 32, 27, 13, 11, 1, 6, 20, 22, 28, 9, 33, 18, 17, 23, 5, 0, 31, 4, 19, 24, 2, 10, 19, 26, 18]",1,1024,0,5
11,1024,0.0,62,0.02059740002732724,"[14, 3, 9, 8, 27, 30, 16, 7, 12, 15, 32, 27, 13, 11, 1, 6, 20, 22, 28, 9, 33, 18, 17, 23, 5, 0, 31, 4, 19, 24, 2, 10, 19, 26, 18]",1,1024,0,5
0,0,15.0,0,0.00041390000842511654,"[9, 15, 0, 28, 25, 29, 29, 8, 9, 0, 16, 11, 24, 33, 8, 14, 13, 5, 13, 25, 13, 28, 22, 30, 30, 25, 12, 1, 31, 27, 18, 29, 13, 22, 23]",1,1024,0,10
1,1,15.0,1,0.0012863000156357884,"[9, 15, 0, 28, 25, 29, 29, 8, 9, 0, 16, 11, 24, 33, 8, 14, 13, 5, 13, 25, 13, 28, 22, 30, 30, 25, 12, 1, 31, 27, 18, 29, 13, 22, 23]",1,1024,0,10
2,2,15.0,2,0.0021123000187799335,"[9, 15, 0, 28, 25, 29, 29, 8, 9, 0, 16, 11, 24, 33, 8, 14, 13, 5, 13, 25, 13, 28, 22, 30, 30, 25, 12, 1, 31, 27, 18, 29, 13, 22, 23]",1,1024,0,10
3,4,15.0,4,0.003091300022788346,"[9, 15, 0, 28, 25, 29, 29, 8, 9, 0, 16, 11, 24, 33, 8, 14, 13, 5, 13, 25, 13, 28, 22, 30, 30, 25, 12, 1, 31, 27, 18, 29, 13, 22, 23]",1,1024,0,10
4,8,11.0,10,0.006457400042563677,"[9, 15, 0, 28, 25, 29, 29, 8, 9, 0, 16, 11, 24, 33, 8, 14, 7, 5, 13, 25, 13, 28, 22, 30, 11, 25, 12, 1, 31, 27, 18, 29, 13, 22, 23]",1,1024,0,10
5,16,8.0,20,0.009982799994759262,"[9, 15, 0, 28, 25, 4, 29, 8, 9, 0, 16, 11, 24, 33, 8, 14, 7, 5, 13, 25, 13, 28, 22, 30, 11, 25, 12, 1, 31, 27, 18, 29, 13, 20, 23]",1,1024,0,10
6,32,5.0,39,0.01505620003445074,"[32, 15, 0, 28, 25, 4, 29, 8, 9, 0, 16, 11, 24, 33, 8, 14, 7, 5, 13, 25, 19, 28, 22, 30, 11, 25, 12, 1, 31, 27, 18, 29, 13, 20, 23]",1,1024,0,10
7,64,1.0,75,0.02405540004838258,"[32, 15, 2, 28, 25, 4, 10, 8, 9, 0, 16, 11, 24, 33, 8, 14, 7, 5, 13, 25, 19, 34, 22, 30, 11, 14, 12, 1, 31, 27, 18, 29, 13, 20, 23]",1,1024,0,10
8,128,0.0,133,0.03829550003865734,"[32, 15, 2, 28, 25, 4, 10, 8, 9, 0, 16, 11, 24, 33, 8, 21, 7, 5, 13, 25, 19, 34, 22, 30, 11, 14, 12, 1, 31, 27, 18, 29, 13, 20, 23]",1,1024,0,10
9,256,0.0,133,0.03829550003865734,"[32, 15, 2, 28, 25, 4, 10, 8, 9, 0, 16, 11, 24, 33, 8, 21, 7, 5, 13, 25, 19, 34, 22, 30, 11, 14, 12, 1, 31, 27, 18, 29, 13, 20, 23]",1,1024,0,10
10,512,0.0,133,0.03829550003865734,"[32, 15, 2, 28, 25, 4, 10, 8, 9, 0, 16, 11, 24, 33, 8, 21, 7, 5, 13, 25, 19, 34, 22, 30, 11, 14, 12, 1, 31, 27, 18, 29, 13, 20, 23]",1,1024,0,10
11,1024,0.0,133,0.03829550003865734,"[32, 15, 2, 28, 25, 4, 10, 8, 9, 0, 16, 11, 24, 33, 8, 21, 7, 5, 13, 25, 19, 34, 22, 30, 11, 14, 12, 1, 31, 27, 18, 29, 13, 20, 23]",1,1024,0,10
0,0,13.0,0,0.000498899957165122,"[37, 12, 8, 9, 11, 5, 15, 0, 16, 1, 12, 7, 6, 25, 20, 37, 18, 20, 11, 28, 29, 14, 4, 23, 23, 30, 32, 22, 13, 9, 7, 22, 1, 0, 17, 8, 24, 13, 8, 30]",1,1024,0,1
1,1,13.0,1,0.001503499981481582,"[37, 12, 8, 9, 11, 5, 15, 0, 16, 1, 12, 7, 6, 25, 20, 37, 18, 20, 11, 28, 29, 14, 4, 23, 23, 30, 32, 22, 13, 9, 7, 22, 1, 0, 17, 8, 24, 13, 8, 30]",1,1024,0,1
2,2,13.0,2,0.0023666999768465757,"[37, 12, 8, 9, 11, 5, 15, 0, 16, 1, 12, 7, 6, 25, 20, 37, 18, 20, 11, 28, 29, 14, 4, 23, 23, 30, 32, 22, 13, 9, 7, 22, 1, 0, 17, 8, 24, 13, 8, 30]",1,1024,0,1
3,4,13.0,4,0.00503000000026077,"[37, 12, 8, 9, 11, 5, 15, 0, 16, 1, 12, 7, 6, 25, 20, 37, 18, 20, 11, 28, 29, 14, 4, 23, 23, 30, 32, 22, 13, 9, 7, 22, 1, 0, 17, 8, 24, 13, 8, 30]",1,1024,0,1
4,8,12.0,9,0.007305399980396032,"[37, 12, 8, 9, 11, 5, 15, 0, 16, 1, 12, 7, 6, 25, 20, 37, 18, 20, 16, 28, 29, 14, 4, 23, 23, 30, 32, 22, 13, 9, 7, 22, 1, 0, 17, 8, 24, 13, 8, 30]",1,1024,0,1
5,16,11.0,18,0.010225599980913103,"[37, 12, 8, 9, 11, 5, 15, 0, 16, 1, 12, 7, 6, 25, 20, 37, 18, 20, 16, 28, 29, 14, 4, 23, 23, 30, 32, 22, 13, 9, 7, 22, 35, 0, 17, 8, 24, 13, 8, 30]",1,1024,0,1
6,32,9.0,36,0.01623249996919185,"[37, 12, 8, 9, 11, 5, 15, 14, 16, 1, 12, 7, 6, 25, 20, 37, 18, 20, 16, 28, 29, 14, 4, 23, 23, 30, 32, 22, 10, 9, 7, 22, 35, 0, 17, 8, 24, 13, 8, 30]",1,1024,0,1
7,64,7.0,70,0.02598269999725744,"[37, 31, 8, 9, 11, 5, 15, 14, 16, 1, 12, 7, 6, 25, 20, 37, 18, 20, 16, 28, 29, 14, 4, 23, 10, 30, 32, 22, 10, 9, 7, 22, 35, 0, 17, 8, 24, 13, 8, 30]",1,1024,0,1
8,128,2.0,139,0.04478289996040985,"[37, 31, 15, 9, 11, 5, 15, 14, 16, 1, 12, 36, 6, 25, 19, 0, 18, 20, 16, 28, 29, 14, 4, 23, 10, 30, 32, 22, 10, 34, 7, 22, 35, 0, 17, 8, 24, 13, 8, 30]",1,1024,0,1
9,256,0.0,176,0.05680029996437952,"[37, 31, 15, 9, 11, 5, 15, 14, 16, 1, 12, 36, 6, 25, 19, 0, 18, 20, 16, 28, 29, 14, 4, 23, 10, 30, 32, 39, 10, 34, 7, 22, 35, 0, 17, 8, 24, 13, 26, 30]",1,1024,0,1
10,512,0.0,176,0.05680029996437952,"[37, 31, 15, 9, 11, 5, 15, 14, 16, 1, 12, 36, 6, 25, 19, 0, 18, 20, 16, 28, 29, 14, 4, 23, 10, 30, 32, 39, 10, 34, 7, 22, 35, 0, 17, 8, 24, 13, 26, 30]",1,1024,0,1
11,1024,0.0,176,0.05680029996437952,"[37, 31, 15, 9, 11, 5, 15, 14, 16, 1, 12, 36, 6, 25, 19, 0, 18, 20, 16, 28, 29, 14, 4, 23, 10, 30, 32, 39, 10, 34, 7, 22, 35, 0, 17, 8, 24, 13, 26, 30]",1,1024,0,1
0,0,14.0,0,0.0004999000229872763,"[15, 8, 22, 18, 11, 7, 34, 31, 11, 21, 31, 26, 20, 37, 39, 3, 38, 4, 39, 38, 33, 3, 5, 24, 4, 6, 31, 19, 31, 2, 16, 12, 4, 26, 15, 39, 8, 15, 8, 17]",1,1024,0,2
1,1,14.0,1,0.001407400006428361,"[15, 8, 22, 18, 11, 7, 34, 31, 11, 21, 31, 26, 20, 37, 39, 3, 38, 4, 39, 38, 33, 3, 5, 24, 4, 6, 31, 19, 31, 2, 16, 12, 4, 26, 15, 39, 8, 15, 8, 17]",1,1024,0,2
2,2,14.0,2,0.002413500042166561,"[15, 8, 22, 18, 11, 7, 34, 31, 11, 21, 31, 26, 20, 37, 39, 3, 38, 4, 39, 38, 33, 3, 5, 24, 4, 6, 31, 19, 31, 2, 16, 12, 4, 26, 15, 39, 8, 15, 8, 17]",1,1024,0,2
3,4,14.0,4,0.003496800025459379,"[15, 8, 22, 18, 11, 7, 34, 31, 11, 21, 31, 26, 20, 37, 39, 3, 38, 4, 39, 38, 33, 3, 5, 24, 4, 6, 31, 19, 31, 2, 16, 12, 4, 26, 15, 39, 8, 15, 8, 17]",1,1024,0,2
4,8,13.0,9,0.0052146000089123845,"[15, 8, 22, 18, 11, 7, 34, 31, 11, 21, 31, 26, 20, 37, 39, 3, 38, 4, 39, 38, 33, 3, 5, 24, 4, 6, 31, 19, 31, 2, 16, 12, 4, 26, 9, 39, 8, 15, 8, 17]",1,1024,0,2
5,16,11.0,19,0.008262399991508573,"[15, 8, 22, 18, 11, 7, 34, 31, 11, 21, 31, 26, 20, 37, 39, 3, 38, 7, 39, 38, 33, 3, 5, 24, 4, 6, 23, 19, 31, 2, 16, 12, 4, 26, 9, 39, 8, 15, 8, 17]",1,1024,0,2
6,32,7.0,38,0.014555500005371869,"[15, 16, 22, 18, 11, 7, 34, 31, 11, 21, 31, 26, 20, 37, 39, 31, 38, 7, 39, 38, 33, 3, 5, 24, 4, 6, 23, 19, 37, 2, 16, 12, 4, 26, 9, 39, 8, 15, 8, 17]",1,1024,0,2
7,64,5.0,72,0.02686470001935959,"[15, 16, 22, 18, 11, 7, 34, 31, 11, 21, 31, 26, 20, 37, 39, 31, 38, 7, 39, 28, 33, 3, 5, 24, 4, 6, 23, 19, 37, 2, 16, 12, 4, 26, 9, 39, 8, 32, 8, 17]",1,1024,0,2
8,128,0.0,137,0.05400420003570616,"[15, 29, 22, 18, 35, 7, 34, 31, 11, 21, 31, 26, 20, 37, 39, 31, 38, 7, 22, 28, 33, 3, 5, 24, 4, 6, 23, 19, 37, 2, 16, 12, 22, 26, 9, 39, 35, 32, 8, 17]",1,1024,0,2
9,256,0.0,137,0.05400420003570616,"[15, 29, 22, 18, 35, 7, 34, 31, 11, 21, 31, 26, 20, 37, 39, 31, 38, 7, 22, 28, 33, 3, 5, 24, 4, 6, 23, 19, 37, 2, 16, 12, 22, 26, 9, 39, 35, 32, 8, 17]",1,1024,0,2
10,512,0.0,137,0.05400420003570616,"[15, 29, 22, 18, 35, 7, 34, 31, 11, 21, 31, 26, 20, 37, 39, 31, 38, 7, 22, 28, 33, 3, 5, 24, 4, 6, 23, 19, 37, 2, 16, 12, 22, 26, 9, 39, 35, 32, 8, 17]",1,1024,0,2
11,1024,0.0,137,0.05400420003570616,"[15, 29, 22, 18, 35, 7, 34, 31, 11, 21, 31, 26, 20, 37, 39, 31, 38, 7, 22, 28, 33, 3, 5, 24, 4, 6, 23, 19, 37, 2, 16, 12, 22, 26, 9, 39, 35, 32, 8, 17]",1,1024,0,2
0,0,12.0,0,0.0004899000050500035,"[24, 3, 8, 0, 21, 19, 10, 10, 21, 38, 32, 20, 29, 39, 14, 26, 17, 26, 22, 2, 2, 1, 26, 5, 33, 29, 24, 7, 33, 15, 37, 20, 30, 21, 14, 28, 0, 0, 18, 37]",1,1024,0,3
1,1,11.0,2,0.0016888999962247908,"[24, 3, 8, 0, 21, 19, 10, 38, 21, 38, 32, 20, 29, 39, 14, 26, 17, 26, 22, 2, 2, 1, 26, 5, 33, 29, 24, 7, 33, 15, 37, 20, 30, 21, 14, 28, 0, 0, 18, 37]",1,1024,0,3
2,2,11.0,3,0.0031495000002905726,"[24, 3, 8, 0, 21, 19, 10, 38, 21, 38, 32, 20, 29, 39, 14, 26, 17, 26, 22, 2, 2, 1, 26, 5, 33, 29, 24, 7, 33, 15, 37, 20, 30, 21, 14, 28, 0, 0, 18, 37]",1,1024,0,3
3,4,9.0,6,0.004815899999812245,"[24, 3, 8, 0, 21, 19, 10, 38, 21, 38, 32, 20, 29, 39, 14, 26, 17, 26, 22, 2, 2, 1, 26, 5, 33, 29, 24, 7, 33, 15, 37, 20, 30, 21, 14, 28, 36, 0, 18, 37]",1,1024,0,3
4,8,8.0,11,0.007084299984853715,"[24, 3, 8, 0, 21, 19, 10, 38, 21, 38, 32, 33, 29, 39, 14, 26, 17, 26, 22, 2, 2, 1, 26, 5, 33, 29, 24, 7, 33, 15, 37, 20, 30, 21, 14, 28, 36, 0, 18, 37]",1,1024,0,3
5,16,6.0,21,0.01066739996895194,"[24, 3, 8, 0, 21, 19, 10, 38, 21, 38, 32, 33, 29, 39, 14, 26, 17, 26, 22, 2, 2, 1, 26, 5, 33, 29, 10, 7, 33, 15, 37, 20, 30, 21, 14, 28, 36, 31, 18, 37]",1,1024,0,3
6,32,5.0,38,0.016188499983400106,"[24, 3, 8, 0, 21, 19, 10, 38, 21, 38, 32, 33, 29, 39, 14, 26, 17, 26, 22, 2, 2, 1, 26, 5, 33, 29, 10, 7, 33, 15, 37, 20, 30, 25, 14, 28, 36, 31, 18, 37]",1,1024,0,3
7,64,1.0,74,0.027974399970844388,"[24, 3, 8, 0, 21, 19, 10, 38, 27, 38, 32, 33, 29, 39, 14, 29, 17, 26, 22, 2, 2, 1, 26, 5, 33, 35, 10, 7, 33, 15, 13, 20, 30, 25, 14, 28, 36, 31, 18, 37]",1,1024,0,3
8,128,0.0,116,0.0434186999918893,"[24, 3, 8, 0, 21, 19, 10, 38, 27, 38, 32, 33, 29, 39, 14, 29, 17, 26, 22, 2, 2, 1, 12, 5, 33, 35, 10, 7, 33, 15, 13, 20, 30, 25, 14, 28, 36, 31, 18, 37]",1,1024,0,3
9,256,0.0,116,0.0434186999918893,"[24, 3, 8, 0, 21, 19, 10, 38, 27, 38, 32, 33, 29, 39, 14, 29, 17, 26, 22, 2, 2, 1, 12, 5, 33, 35, 10, 7, 33, 15, 13, 20, 30, 25, 14, 28, 36, 31, 18, 37]",1,1024,0,3
10,512,0.0,116,0.0434186999918893,"[24, 3, 8, 0, 21, 19, 10, 38, 27, 38, 32, 33, 29, 39, 14, 29, 17, 26, 22, 2, 2, 1, 12, 5, 33, 35, 10, 7, 33, 15, 13, 20, 30, 25, 14, 28, 36, 31, 18, 37]",1,1024,0,3
11,1024,0.0,116,0.0434186999918893,"[24, 3, 8, 0, 21, 19, 10, 38, 27, 38, 32, 33, 29, 39, 14, 29, 17, 26, 22, 2, 2, 1, 12, 5, 33, 35, 10, 7, 33, 15, 13, 20, 30, 25, 14, 28, 36, 31, 18, 37]",1,1024,0,3
0,0,17.0,0,0.0005223000189289451,"[5, 1, 23, 8, 9, 39, 30, 36, 38, 3, 0, 21, 21, 9, 38, 38, 2, 30, 8, 2, 23, 32, 33, 32, 28, 3, 15, 34, 31, 17, 17, 25, 9, 12, 23, 30, 22, 3, 11, 23]",1,1024,0,4
1,1,15.0,2,0.001790100010111928,"[5, 1, 23, 8, 9, 39, 7, 36, 38, 3, 0, 21, 21, 9, 38, 38, 2, 30, 8, 2, 23, 32, 33, 32, 28, 3, 15, 34, 31, 17, 17, 25, 9, 12, 23, 30, 22, 3, 11, 23]",1,1024,0,4
2,2,13.0,4,0.0030963000026531518,"[5, 1, 23, 8, 9, 39, 7, 36, 38, 19, 0, 21, 21, 9, 38, 38, 2, 30, 8, 2, 23, 32, 33, 32, 28, 3, 15, 34, 31, 17, 17, 25, 9, 12, 23, 30, 22, 3, 11, 23]",1,1024,0,4
3,4,12.0,7,0.004517499997746199,"[5, 1, 23, 8, 9, 39, 7, 36, 38, 19, 0, 21, 21, 9, 38, 36, 2, 30, 8, 2, 23, 32, 33, 32, 28, 3, 15, 34, 31, 17, 17, 25, 9, 12, 23, 30, 22, 3, 11, 23]",1,1024,0,4
4,8,8.0,13,0.007954100030474365,"[5, 1, 23, 8, 9, 39, 7, 36, 38, 19, 0, 21, 21, 9, 38, 36, 2, 30, 8, 2, 23, 32, 33, 32, 28, 3, 15, 34, 31, 17, 4, 25, 9, 12, 23, 30, 22, 3, 11, 33]",1,1024,0,4
5,16,7.0,22,0.011602100043091923,"[5, 1, 23, 8, 9, 39, 7, 36, 38, 19, 0, 21, 21, 9, 38, 36, 2, 14, 8, 2, 23, 32, 33, 32, 28, 3, 15, 34, 31, 17, 4, 25, 9, 12, 23, 30, 22, 3, 11, 33]",1,1024,0,4
6,32,4.0,40,0.023847200034651905,"[5, 1, 23, 8, 9, 39, 7, 36, 38, 19, 0, 21, 21, 0, 38, 36, 2, 14, 8, 2, 16, 32, 33, 32, 28, 3, 15, 34, 31, 17, 4, 25, 9, 12, 23, 30, 22, 3, 11, 33]",1,1024,0,4
7,64,2.0,74,0.04016020003473386,"[5, 1, 23, 8, 9, 39, 7, 36, 38, 19, 0, 0, 21, 0, 38, 36, 2, 14, 8, 2, 16, 32, 33, 32, 28, 3, 15, 34, 31, 17, 4, 25, 9, 12, 23, 30, 22, 27, 11, 33]",1,1024,0,4
8,128,0.0,94,0.04731170000741258,"[5, 1, 23, 13, 9, 39, 7, 36, 38, 19, 0, 0, 21, 0, 38, 36, 2, 14, 8, 16, 16, 32, 33, 32, 28, 3, 15, 34, 31, 17, 4, 25, 9, 12, 23, 30, 22, 27, 11, 33]",1,1024,0,4
9,256,0.0,94,0.04731170000741258,"[5, 1, 23, 13, 9, 39, 7, 36, 38, 19, 0, 0, 21, 0, 38, 36, 2, 14, 8, 16, 16, 32, 33, 32, 28, 3, 15, 34, 31, 17, 4, 25, 9, 12, 23, 30, 22, 27, 11, 33]",1,1024,0,4
10,512,0.0,94,0.04731170000741258,"[5, 1, 23, 13, 9, 39, 7, 36, 38, 19, 0, 0, 21, 0, 38, 36, 2, 14, 8, 16, 16, 32, 33, 32, 28, 3, 15, 34, 31, 17, 4, 25, 9, 12, 23, 30, 22, 27, 11, 33]",1,1024,0,4
11,1024,0.0,94,0.04731170000741258,"[5, 1, 23, 13, 9, 39, 7, 36, 38, 19, 0, 0, 21, 0, 38, 36, 2, 14, 8, 16, 16, 32, 33, 32, 28, 3, 15, 34, 31, 17, 4, 25, 9, 12, 23, 30, 22, 27, 11, 33]",1,1024,0,4
0,0,19.0,0,0.0005268999957479537,"[35, 14, 38, 16, 9, 8, 36, 39, 27, 30, 16, 7, 12, 15, 39, 16, 27, 13, 11, 1, 30, 20, 22, 18, 9, 1, 18, 39, 16, 14, 5, 0, 16, 4, 36, 27, 31, 2, 4, 38]",1,1024,0,5
1,1,19.0,1,0.0015799000393599272,"[35, 14, 38, 16, 9, 8, 36, 39, 27, 30, 16, 7, 12, 15, 39, 16, 27, 13, 11, 1, 30, 20, 22, 18, 9, 1, 18, 39, 16, 14, 5, 0, 16, 4, 36, 27, 31, 2, 4, 38]",1,1024,0,5
2,2,19.0,2,0.0025288000470027328,"[35, 14, 38, 16, 9, 8, 36, 39, 27, 30, 16, 7, 12, 15, 39, 16, 27, 13, 11, 1, 30, 20, 22, 18, 9, 1, 18, 39, 16, 14, 5, 0, 16, 4, 36, 27, 31, 2, 4, 38]",1,1024,0,5
3,4,19.0,4,0.0036477000103332102,"[35, 14, 38, 16, 9, 8, 36, 39, 27, 30, 16, 7, 12, 15, 39, 16, 27, 13, 11, 1, 30, 20, 22, 18, 9, 1, 18, 39, 16, 14, 5, 0, 16, 4, 36, 27, 31, 2, 4, 38]",1,1024,0,5
4,8,16.0,11,0.006587700045201927,"[35, 3, 38, 16, 9, 8, 36, 39, 27, 30, 16, 7, 12, 15, 39, 16, 27, 13, 11, 1, 30, 20, 22, 18, 9, 1, 18, 29, 16, 14, 5, 0, 16, 26, 36, 27, 31, 2, 4, 38]",1,1024,0,5
5,16,14.0,21,0.012843500007875264,"[35, 3, 38, 16, 9, 8, 36, 39, 27, 30, 16, 7, 12, 15, 39, 16, 31, 13, 11, 1, 30, 20, 22, 18, 14, 1, 18, 29, 16, 14, 5, 0, 16, 26, 36, 27, 31, 2, 4, 38]",1,1024,0,5
6,32,8.0,40,0.019091700029093772,"[35, 3, 38, 16, 9, 8, 36, 39, 27, 30, 16, 7, 12, 15, 39, 16, 31, 13, 11, 1, 30, 20, 22, 18, 14, 1, 18, 29, 15, 14, 5, 0, 19, 26, 36, 27, 31, 2, 4, 7]",1,1024,0,5
7,64,2.0,78,0.033165100030601025,"[35, 3, 38, 16, 9, 8, 36, 12, 33, 30, 23, 7, 12, 15, 39, 5, 31, 13, 11, 0, 30, 20, 22, 18, 14, 1, 18, 29, 15, 14, 5, 0, 19, 26, 36, 27, 20, 2, 4, 7]",1,1024,0,5
8,128,0.0,123,0.05023990001063794,"[35, 3, 38, 16, 9, 8, 36, 12, 33, 32, 23, 7, 12, 15, 39, 5, 31, 13, 11, 0, 30, 20, 22, 18, 14, 1, 18, 29, 15, 14, 5, 0, 19, 26, 14, 27, 20, 2, 4, 7]",1,1024,0,5
9,256,0.0,123,0.05023990001063794,"[35, 3, 38, 16, 9, 8, 36, 12, 33, 32, 23, 7, 12, 15, 39, 5, 31, 13, 11, 0, 30, 20, 22, 18, 14, 1, 18, 29, 15, 14, 5, 0, 19, 26, 14, 27, 20, 2, 4, 7]",1,1024,0,5
10,512,0.0,123,0.05023990001063794,"[35, 3, 38, 16, 9, 8, 36, 12, 33, 32, 23, 7, 12, 15, 39, 5, 31, 13, 11, 0, 30, 20, 22, 18, 14, 1, 18, 29, 15, 14, 5, 0, 19, 26, 14, 27, 20, 2, 4, 7]",1,1024,0,5
11,1024,0.0,123,0.05023990001063794,"[35, 3, 38, 16, 9, 8, 36, 12, 33, 32, 23, 7, 12, 15, 39, 5, 31, 13, 11, 0, 30, 20, 22, 18, 14, 1, 18, 29, 15, 14, 5, 0, 19, 26, 14, 27, 20, 2, 4, 7]",1,1024,0,5
0,0,24.0,0,0.0008529999759048223,"[9, 36, 15, 0, 28, 25, 29, 29, 8, 9, 0, 36, 16, 36, 11, 24, 33, 8, 36, 14, 13, 5, 13, 25, 13, 28, 22, 30, 30, 25, 12, 1, 31, 36, 27, 18, 29, 13, 22, 23]",1,1024,0,10
1,1,24.0,1,0.002813400002196431,"[9, 36, 15, 0, 28, 25, 29, 29, 8, 9, 0, 36, 16, 36, 11, 24, 33, 8, 36, 14, 13, 5, 13, 25, 13, 28, 22, 30, 30, 25, 12, 1, 31, 36, 27, 18, 29, 13, 22, 23]",1,1024,0,10
2,2,23.0,3,0.0055118000018410385,"[9, 36, 15, 0, 28, 25, 29, 29, 8, 9, 0, 36, 16, 36, 11, 24, 33, 8, 36, 14, 13, 5, 13, 25, 13, 28, 22, 30, 10, 25, 12, 1, 31, 36, 27, 18, 29, 13, 22, 23]",1,1024,0,10
3,4,22.0,6,0.0072030999581329525,"[9, 36, 15, 0, 28, 25, 29, 29, 8, 9, 0, 36, 16, 36, 11, 24, 33, 8, 36, 14, 13, 5, 13, 25, 9, 28, 22, 30, 10, 25, 12, 1, 31, 36, 27, 18, 29, 13, 22, 23]",1,1024,0,10
4,8,19.0,13,0.009921199991367757,"[9, 36, 15, 0, 28, 25, 29, 29, 8, 9, 0, 28, 16, 36, 11, 24, 33, 7, 36, 14, 13, 5, 13, 25, 12, 28, 22, 30, 10, 25, 12, 1, 31, 36, 27, 18, 29, 13, 22, 23]",1,1024,0,10
5,16,11.0,26,0.013875100004952401,"[9, 36, 15, 0, 28, 4, 21, 24, 8, 9, 0, 28, 16, 36, 11, 24, 33, 7, 36, 14, 13, 5, 13, 25, 35, 28, 22, 30, 10, 25, 12, 1, 31, 20, 27, 18, 29, 13, 22, 23]",1,1024,0,10
6,32,6.0,46,0.022045299992896616,"[9, 36, 15, 0, 28, 4, 21, 24, 8, 38, 0, 28, 16, 36, 11, 24, 33, 7, 36, 14, 19, 5, 11, 3, 35, 28, 22, 30, 10, 25, 12, 1, 31, 20, 27, 18, 29, 13, 22, 23]",1,1024,0,10
7,64,3.0,80,0.03410210000583902,"[9, 36, 15, 0, 31, 4, 21, 24, 8, 38, 0, 28, 16, 29, 11, 24, 33, 7, 36, 14, 19, 5, 11, 3, 35, 28, 22, 30, 10, 25, 12, 1, 31, 20, 27, 18, 29, 13, 22, 23]",1,1024,0,10
8,128,1.0,146,0.052345599979162216,"[9, 36, 15, 32, 31, 4, 21, 24, 8, 38, 0, 28, 16, 29, 11, 24, 33, 7, 27, 14, 19, 5, 11, 3, 35, 28, 22, 30, 10, 25, 12, 1, 31, 20, 27, 18, 29, 13, 22, 23]",1,1024,0,10
9,256,0.0,174,0.065595599997323,"[9, 36, 15, 32, 31, 4, 21, 24, 8, 38, 0, 28, 16, 29, 11, 24, 33, 7, 27, 14, 19, 5, 11, 3, 35, 28, 27, 30, 10, 25, 12, 1, 31, 20, 27, 18, 29, 13, 22, 23]",1,1024,0,10
10,512,0.0,174,0.065595599997323,"[9, 36, 15, 32, 31, 4, 21, 24, 8, 38, 0, 28, 16, 29, 11, 24, 33, 7, 27, 14, 19, 5, 11, 3, 35, 28, 27, 30, 10, 25, 12, 1, 31, 20, 27, 18, 29, 13, 22, 23]",1,1024,0,10
11,1024,0.0,174,0.065595599997323,"[9, 36, 15, 32, 31, 4, 21, 24, 8, 38, 0, 28, 16, 29, 11, 24, 33, 7, 27, 14, 19, 5, 11, 3, 35, 28, 27, 30, 10, 25, 12, 1, 31, 20, 27, 18, 29, 13, 22, 23]",1,1024,0,10
